Date,Symbol,Series,Prev Close,Open,High,Low,Last,Close,VWAP,Volume,Turnover,Trades,Deliverable Volume,%Deliverble
2010-10-04,PDUMJEPULP,EQ,25.5,26.3,26.3,25.5,25.65,25.65,25.76,5274,13586979999.999998,,4070,0.7717
2010-10-05,PDUMJEPULP,EQ,25.65,25.0,26.55,25.0,26.2,26.25,26.14,26940,70408505000.0,,22802,0.8464
2010-10-06,PDUMJEPULP,EQ,26.25,26.55,26.7,26.25,26.4,26.4,26.45,7897,20885430000.0,,7847,0.9937
2010-10-07,PDUMJEPULP,EQ,26.4,26.5,26.75,25.45,25.5,25.65,25.97,27533,71509900000.0,,22270,0.8088
2010-10-08,PDUMJEPULP,EQ,25.65,25.95,25.95,25.5,25.5,25.55,25.6,11795,30198459999.999996,,11153,0.9456
2010-10-11,PDUMJEPULP,EQ,25.55,25.65,25.75,25.4,25.4,25.4,25.51,12144,30976470000.0,,9692,0.7981
2010-10-12,PDUMJEPULP,EQ,25.4,25.1,25.95,25.1,25.45,25.45,25.46,4727,12036265000.0,,4005,0.8473
2010-10-13,PDUMJEPULP,EQ,25.45,25.15,26.0,25.15,25.75,25.6,25.76,14099,36323225000.0,,10050,0.7128
2010-10-14,PDUMJEPULP,EQ,25.6,26.3,26.45,25.35,25.6,25.55,25.6,12774,32696390000.000004,,12414,0.9718000000000001
2010-10-15,PDUMJEPULP,EQ,25.55,26.2,26.2,24.6,24.7,24.75,25.05,53997,135254405000.0,,49229,0.9117000000000001
2010-10-18,PDUMJEPULP,EQ,24.75,25.7,26.1,24.8,24.8,24.8,25.16,19361,48709115000.0,,14868,0.7679
2010-10-19,PDUMJEPULP,EQ,24.8,25.0,25.85,24.85,25.0,25.6,25.27,5385,13607660000.0,,3842,0.7134999999999999
2010-10-20,PDUMJEPULP,EQ,25.6,25.1,25.45,25.0,25.0,25.05,25.11,3258,8182314999.999999,,1818,0.5579999999999999
2010-10-21,PDUMJEPULP,EQ,25.05,25.0,25.25,24.85,25.1,25.0,25.03,16350,40923745000.0,,11660,0.7131000000000001
2010-10-22,PDUMJEPULP,EQ,25.0,25.2,25.45,24.6,24.6,24.75,24.99,8279,20686870000.0,,6175,0.7459
2010-10-25,PDUMJEPULP,EQ,24.75,26.5,26.5,24.65,24.85,24.85,25.19,3968,9994835000.0,,3226,0.813
2010-10-26,PDUMJEPULP,EQ,24.85,25.35,25.4,24.55,25.2,24.6,24.75,2269,5616905000.0,,2268,0.9995999999999999
2010-10-27,PDUMJEPULP,EQ,24.6,25.45,25.45,25.0,25.05,25.05,25.29,3264,8253220000.0,,2228,0.6826000000000001
2010-10-28,PDUMJEPULP,EQ,25.05,24.85,27.0,24.85,26.4,26.1,26.09,41633,108609730000.0,,31888,0.7659
2010-10-29,PDUMJEPULP,EQ,26.1,26.2,26.9,24.75,25.35,25.2,25.73,14036,36111890000.0,,5994,0.42700000000000005
2010-11-01,PDUMJEPULP,EQ,25.2,25.5,25.8,25.05,25.05,25.1,25.37,6688,16966110000.0,,6066,0.907
2010-11-02,PDUMJEPULP,EQ,25.1,25.0,25.8,24.8,25.45,25.45,25.09,7694,19303520000.0,,6688,0.8692000000000001
2010-11-03,PDUMJEPULP,EQ,25.45,25.5,25.6,25.0,25.0,25.0,25.02,1562,3907550000.0,,1210,0.7746
2010-11-04,PDUMJEPULP,EQ,25.0,25.0,25.35,24.9,24.9,25.05,25.03,1215,3040650000.0,,1170,0.963
2010-11-05,PDUMJEPULP,EQ,25.05,24.6,26.35,24.6,25.55,25.6,25.41,6404,16271429999.999998,,5660,0.8837999999999999
2010-11-08,PDUMJEPULP,EQ,25.6,26.7,26.7,25.55,25.55,25.55,25.71,3940,10128705000.0,,3340,0.8477
2010-11-09,PDUMJEPULP,EQ,25.55,25.5,25.85,25.25,25.6,25.75,25.6,8570,21938255000.0,,5378,0.6275000000000001
2010-11-10,PDUMJEPULP,EQ,25.75,25.8,26.5,25.75,26.2,26.25,26.2,32362,84774630000.0,,27542,0.8511
2010-11-11,PDUMJEPULP,EQ,26.25,26.15,30.6,26.15,27.65,27.85,29.24,263809,771416135000.0,,122367,0.46380000000000005
2010-11-12,PDUMJEPULP,EQ,27.85,29.9,31.0,27.1,27.7,27.75,29.24,146283,427785250000.0,,61289,0.419
2010-11-15,PDUMJEPULP,EQ,27.75,27.75,29.9,27.65,29.0,29.4,29.19,45044,131461975000.0,,34571,0.7675000000000001
2010-11-16,PDUMJEPULP,EQ,29.4,29.05,29.7,27.4,27.6,28.2,28.54,50798,145002480000.0,,35365,0.6962
2010-11-18,PDUMJEPULP,EQ,28.2,28.9,28.9,26.5,26.9,27.15,27.18,15300,41589125000.0,,10396,0.6795
2010-11-19,PDUMJEPULP,EQ,27.15,26.8,28.0,26.05,27.2,27.45,27.17,12961,35217685000.0,,8033,0.6198
2010-11-22,PDUMJEPULP,EQ,27.45,26.5,28.0,26.1,26.2,26.7,26.65,9860,26273750000.0,,5593,0.5672
2010-11-23,PDUMJEPULP,EQ,26.7,26.7,28.6,25.0,25.7,26.0,26.04,8651,22530795000.0,,5358,0.6194
2010-11-24,PDUMJEPULP,EQ,26.0,25.0,26.5,25.0,25.05,25.35,25.45,8158,20766105000.0,,7210,0.8837999999999999
2010-11-25,PDUMJEPULP,EQ,25.35,25.05,25.95,24.6,24.65,24.65,24.97,9465,23633565000.0,,7275,0.7686000000000001
2010-11-26,PDUMJEPULP,EQ,24.65,23.2,24.5,23.2,24.0,23.9,23.77,13280,31568370000.0,,8683,0.6537999999999999
2010-11-29,PDUMJEPULP,EQ,23.9,23.0,24.0,23.0,24.0,23.65,23.45,6535,15323450000.0,,2524,0.3862
2010-11-30,PDUMJEPULP,EQ,23.65,23.45,24.5,22.1,24.2,24.2,23.14,9482,21944440000.0,,3727,0.3931
2010-12-01,PDUMJEPULP,EQ,24.2,23.5,25.85,23.5,25.1,25.15,24.96,11148,27820450000.0,,10239,0.9185
2010-12-02,PDUMJEPULP,EQ,25.15,25.5,25.95,25.0,25.6,25.75,25.56,4794,12253590000.0,,3530,0.7363
2010-12-03,PDUMJEPULP,EQ,25.75,25.3,25.75,24.1,24.1,24.6,25.25,6097,15395654999.999998,,5507,0.9032
2010-12-06,PDUMJEPULP,EQ,24.6,24.55,25.35,24.55,25.0,25.05,24.97,827,2064845000.0,,726,0.8779000000000001
2010-12-07,PDUMJEPULP,EQ,25.05,24.55,24.9,23.8,24.0,24.0,24.26,6019,14599190000.0,,5351,0.8890000000000001
2010-12-08,PDUMJEPULP,EQ,24.0,26.5,26.5,23.3,23.6,23.6,24.04,3251,7816270000.0,,2026,0.6232
2010-12-09,PDUMJEPULP,EQ,23.6,23.4,23.45,19.25,20.15,20.6,21.43,29597,63429450000.0,,23558,0.7959999999999999
2010-12-10,PDUMJEPULP,EQ,20.6,21.0,23.8,20.25,23.55,23.05,22.74,6916,15729204999.999998,,4138,0.5982999999999999
2010-12-13,PDUMJEPULP,EQ,23.05,24.5,24.75,22.5,23.9,23.25,23.22,5262,12216455000.0,,3683,0.6999
2010-12-14,PDUMJEPULP,EQ,23.25,25.4,25.4,22.3,23.3,23.9,23.32,2848,6641110000.000001,,2541,0.8922
2010-12-15,PDUMJEPULP,EQ,23.9,23.25,24.45,23.0,23.35,23.75,23.75,6093,14468604999.999998,,4438,0.7284
2010-12-16,PDUMJEPULP,EQ,23.75,24.2,24.2,23.05,23.7,23.7,23.28,1749,4070900000.0,,1507,0.8616
2010-12-20,PDUMJEPULP,EQ,23.7,24.75,24.75,23.75,23.8,23.8,24.1,633,1525570000.0,,613,0.9684
2010-12-21,PDUMJEPULP,EQ,23.8,23.75,23.95,23.5,23.5,23.5,23.67,1437,3401540000.0,,1433,0.9972
2010-12-22,PDUMJEPULP,EQ,23.5,23.25,24.3,23.0,23.35,23.35,23.22,5230,12143030000.0,,4353,0.8323
2010-12-23,PDUMJEPULP,EQ,23.35,23.4,23.4,23.15,23.15,23.15,23.27,738,1717220000.0,,734,0.9945999999999999
2010-12-24,PDUMJEPULP,EQ,23.15,24.45,25.25,23.5,24.35,23.8,24.25,5209,12629360000.0,,4018,0.7714
2010-12-27,PDUMJEPULP,EQ,23.8,25.75,25.75,23.4,23.55,23.75,23.84,444,1058504999.9999999,,300,0.6757
2010-12-28,PDUMJEPULP,EQ,23.75,23.7,23.8,23.7,23.8,23.75,23.77,299,710630000.0,,299,1.0
2010-12-29,PDUMJEPULP,EQ,23.75,23.55,23.55,23.3,23.35,23.35,23.4,4025,9417020000.0,,3600,0.8944
2010-12-30,PDUMJEPULP,EQ,23.35,23.85,24.4,23.45,24.4,23.8,23.65,4980,11777195000.0,,2616,0.5253
2010-12-31,PDUMJEPULP,EQ,23.8,23.9,24.9,23.6,24.0,24.0,24.36,3341,8140130000.0,,2559,0.7659
2011-01-03,PDUMJEPULP,EQ,24.0,26.8,26.8,24.55,25.05,25.05,24.89,14928,37157015000.0,,10640,0.7128
2011-01-04,PDUMJEPULP,EQ,25.05,24.05,25.4,24.05,25.4,25.4,25.03,1918,4799895000.0,,1818,0.9479000000000001
2011-01-05,PDUMJEPULP,EQ,25.4,24.65,25.4,24.5,24.95,24.6,24.59,9705,23866700000.0,,9600,0.9892000000000001
2011-01-06,PDUMJEPULP,EQ,24.6,24.3,24.75,24.15,24.2,24.25,24.29,2303,5592985000.0,,2303,1.0
2011-01-07,PDUMJEPULP,EQ,24.25,24.8,24.8,23.05,23.5,23.2,23.73,6685,15863350000.0,,5034,0.753
2011-01-10,PDUMJEPULP,EQ,23.2,23.0,23.75,23.0,23.1,23.1,23.12,2801,6475020000.0,,2380,0.8497
2011-01-11,PDUMJEPULP,EQ,23.1,23.1,23.5,22.65,22.65,22.75,23.09,3701,8545970000.0,,2575,0.6958
2011-01-12,PDUMJEPULP,EQ,22.75,26.5,26.5,22.6,22.95,22.65,23.68,4491,10635820000.0,,3665,0.8161
2011-01-13,PDUMJEPULP,EQ,22.65,23.2,23.2,22.55,22.55,22.75,22.74,2359,5363685000.0,,2259,0.9576000000000001
2011-01-14,PDUMJEPULP,EQ,22.75,22.65,22.65,22.6,22.6,22.6,22.62,850,1923000000.0,,850,1.0
2011-01-17,PDUMJEPULP,EQ,22.6,20.05,22.8,20.05,22.3,22.3,22.3,961,2142930000.0,,859,0.8939
2011-01-18,PDUMJEPULP,EQ,22.3,23.95,23.95,21.9,22.7,22.65,22.19,1694,3759385000.0,,1000,0.5903
2011-01-19,PDUMJEPULP,EQ,22.65,22.1,22.15,22.0,22.05,22.0,22.07,1377,3038790000.0,,943,0.6848000000000001
2011-01-20,PDUMJEPULP,EQ,22.0,23.9,23.9,21.85,22.45,22.55,22.09,6503,14363015000.0,,5000,0.7689
2011-01-21,PDUMJEPULP,EQ,22.55,22.75,22.8,22.1,22.8,22.75,22.34,1440,3216255000.0,,1000,0.6944
2011-01-24,PDUMJEPULP,EQ,22.75,22.55,23.95,21.8,22.85,22.85,23.14,26,60175000.0,,14,0.5385
2011-01-25,PDUMJEPULP,EQ,22.85,25.0,25.0,21.55,22.45,22.05,22.14,2512,5560825000.0,,2290,0.9116
2011-01-27,PDUMJEPULP,EQ,22.05,24.75,24.75,21.5,21.75,21.6,21.67,994,2153925000.0,,893,0.8984000000000001
2011-01-28,PDUMJEPULP,EQ,21.6,20.6,22.0,20.0,21.45,20.75,20.59,10635,21897970000.0,,8589,0.8076000000000001
2011-01-31,PDUMJEPULP,EQ,20.75,21.45,21.45,20.0,20.55,20.6,20.39,3448,7030600000.0,,3328,0.9652
2011-02-01,PDUMJEPULP,EQ,20.6,22.7,22.7,20.3,20.3,20.35,20.57,2740,5636995000.0,,1857,0.6777
2011-02-02,PDUMJEPULP,EQ,20.35,22.5,22.5,19.9,19.9,20.0,20.33,1555,3161690000.0,,1400,0.9003
2011-02-03,PDUMJEPULP,EQ,20.0,19.9,21.0,19.9,20.15,20.35,20.62,3506,7229785000.000001,,2794,0.7968999999999999
2011-02-04,PDUMJEPULP,EQ,20.35,20.15,20.8,20.0,20.0,20.0,20.35,1729,3518130000.0000005,,1650,0.9543
2011-02-07,PDUMJEPULP,EQ,20.0,20.0,20.0,19.35,19.5,19.5,19.53,1901,3712180000.0000005,,1200,0.6312
2011-02-08,PDUMJEPULP,EQ,19.5,19.5,20.0,19.5,19.55,19.55,19.55,2270,4437695000.0,,2201,0.9695999999999999
2011-02-09,PDUMJEPULP,EQ,19.55,22.95,22.95,18.6,18.65,18.7,19.09,11549,22051185000.0,,8718,0.7549
2011-02-10,PDUMJEPULP,EQ,18.7,17.8,18.0,16.7,17.75,17.3,17.34,13600,23579385000.0,,11505,0.846
2011-02-11,PDUMJEPULP,EQ,17.3,17.95,18.3,16.75,17.55,18.05,17.33,20119,34874720000.0,,16701,0.8301000000000001
2011-02-14,PDUMJEPULP,EQ,18.05,18.3,20.9,18.3,20.5,20.3,19.55,18556,36285905000.0,,16554,0.8921
2011-02-15,PDUMJEPULP,EQ,20.3,24.0,24.0,20.2,20.3,20.4,20.78,13105,27234530000.0,,12160,0.9279000000000001
2011-02-16,PDUMJEPULP,EQ,20.4,20.7,22.0,20.7,21.75,21.5,21.35,9535,20358225000.0,,5952,0.6242
2011-02-17,PDUMJEPULP,EQ,21.5,21.7,21.7,21.1,21.1,21.2,21.31,3750,7991875000.0,,3550,0.9467
2011-02-18,PDUMJEPULP,EQ,21.2,22.0,22.0,20.9,21.0,21.0,21.33,21459,45777400000.0,,17000,0.7922
2011-02-21,PDUMJEPULP,EQ,21.0,21.9,21.9,19.2,20.0,20.0,20.26,3649,7392930000.0,,2638,0.7229000000000001
2011-02-22,PDUMJEPULP,EQ,20.0,21.5,21.5,19.8,20.25,20.15,20.07,7292,14633315000.0,,7200,0.9873999999999999
2011-02-23,PDUMJEPULP,EQ,20.15,20.0,20.0,19.2,19.35,19.35,19.86,12550,24929000000.0,,11550,0.9203
2011-02-24,PDUMJEPULP,EQ,19.35,19.9,19.9,18.2,18.5,18.4,18.49,4346,8034455000.0,,3394,0.7809
2011-02-25,PDUMJEPULP,EQ,18.4,18.85,20.5,18.85,19.2,19.2,19.48,2211,4305970000.0,,1950,0.882
2011-02-28,PDUMJEPULP,EQ,19.2,19.0,20.3,19.0,19.45,19.45,19.48,741,1443685000.0,,741,1.0
2011-03-01,PDUMJEPULP,EQ,19.45,19.9,19.9,19.0,19.5,19.5,19.18,2050,3931010000.0,,1829,0.8922
2011-03-03,PDUMJEPULP,EQ,19.5,19.5,19.7,19.4,19.7,19.7,19.49,1144,2229200000.0,,824,0.7203
2011-03-04,PDUMJEPULP,EQ,19.7,19.45,20.35,19.45,19.6,19.55,19.66,4971,9771070000.0,,4471,0.8994
2011-03-07,PDUMJEPULP,EQ,19.55,19.95,20.0,19.3,19.3,19.35,19.71,4662,9187440000.0,,3807,0.8166
2011-03-08,PDUMJEPULP,EQ,19.35,18.25,19.85,18.15,19.4,19.4,19.39,27171,52691815000.0,,26250,0.9661000000000001
2011-03-09,PDUMJEPULP,EQ,19.4,20.9,20.9,18.1,19.2,18.85,18.97,1034,1961359999.9999998,,1015,0.9816
2011-03-10,PDUMJEPULP,EQ,18.85,18.25,18.65,18.25,18.5,18.5,18.38,2048,3764035000.0,,1610,0.7861
2011-03-11,PDUMJEPULP,EQ,18.5,18.9,19.95,18.9,19.25,19.3,19.24,1940,3732769999.9999995,,1207,0.6222
2011-03-14,PDUMJEPULP,EQ,19.3,19.95,19.95,18.9,18.9,18.9,19.04,1576,3000740000.0,,1293,0.8204000000000001
2011-03-15,PDUMJEPULP,EQ,18.9,18.9,18.9,17.55,18.9,18.9,18.8,1312,2466180000.0,,1312,1.0
2011-03-16,PDUMJEPULP,EQ,18.9,19.0,20.0,19.0,19.1,19.2,19.62,9684,19000635000.0,,6368,0.6576000000000001
2011-03-17,PDUMJEPULP,EQ,19.2,19.1,19.8,19.1,19.8,19.8,19.13,630,1205400000.0,,630,1.0
2011-03-18,PDUMJEPULP,EQ,19.8,18.6,19.85,18.6,18.8,18.8,18.92,1039,1965370000.0,,950,0.9143000000000001
2011-03-21,PDUMJEPULP,EQ,18.8,20.0,20.0,15.25,18.8,18.8,17.97,11546,20744170000.0,,7946,0.6881999999999999
2011-03-22,PDUMJEPULP,EQ,18.8,20.65,20.65,18.9,19.4,19.4,18.91,3574,6757560000.000001,,3558,0.9954999999999999
2011-03-23,PDUMJEPULP,EQ,19.4,18.35,20.25,18.35,18.75,18.75,19.32,3840,7417230000.0,,1533,0.3992
2011-03-24,PDUMJEPULP,EQ,18.75,20.2,20.2,19.0,19.0,19.0,19.35,65,125750000.0,,44,0.6769
2011-03-25,PDUMJEPULP,EQ,19.0,19.2,20.0,19.0,20.0,19.95,19.06,6623,12621620000.0,,6517,0.9840000000000001
2011-03-28,PDUMJEPULP,EQ,19.95,19.95,19.95,18.5,18.5,18.6,18.69,12865,24044240000.0,,6146,0.4777
2011-03-29,PDUMJEPULP,EQ,18.6,18.5,19.0,18.15,18.15,18.2,18.53,6238,11561950000.0,,3659,0.5866
2011-03-30,PDUMJEPULP,EQ,18.2,21.5,21.85,20.25,21.85,21.65,21.55,94738,204170890000.0,,64528,0.6811
2011-03-31,PDUMJEPULP,EQ,21.65,22.7,23.0,18.2,21.7,21.25,21.82,25253,55100280000.00001,,14461,0.5726
2011-04-01,PDUMJEPULP,EQ,21.25,23.2,23.2,21.0,22.2,21.75,22.24,10487,23323525000.0,,8812,0.8403
2011-04-04,PDUMJEPULP,EQ,21.75,24.2,24.2,21.2,22.4,22.75,22.46,10087,22651600000.0,,7449,0.7384999999999999
2011-04-05,PDUMJEPULP,EQ,22.75,21.8,22.9,21.8,22.0,21.8,22.09,3780,8349520000.0,,2934,0.7762000000000001
2011-04-06,PDUMJEPULP,EQ,21.8,22.85,23.6,22.8,23.25,23.2,23.14,9946,23018010000.0,,6620,0.6656000000000001
2011-04-07,PDUMJEPULP,EQ,23.2,23.65,23.65,22.7,22.95,23.1,23.1,6531,15088515000.0,,5744,0.8795000000000001
2011-04-08,PDUMJEPULP,EQ,23.1,23.1,23.5,22.2,22.2,22.3,22.96,11714,26893015000.000004,,10502,0.8965000000000001
2011-04-11,PDUMJEPULP,EQ,22.3,23.3,23.3,22.15,22.75,22.75,22.68,5072,11503400000.0,,3437,0.6776000000000001
2011-04-13,PDUMJEPULP,EQ,22.75,23.1,24.9,23.0,23.75,24.05,23.83,38486,91703145000.0,,27150,0.7055
2011-04-15,PDUMJEPULP,EQ,24.05,23.0,24.8,23.0,24.05,24.05,24.18,17819,43090440000.0,,15387,0.8634999999999999
2011-04-18,PDUMJEPULP,EQ,24.05,22.75,24.25,22.75,24.0,23.9,23.89,20899,49928645000.0,,18400,0.8804000000000001
2011-04-19,PDUMJEPULP,EQ,23.9,24.25,24.25,23.5,23.9,23.6,23.7,11886,28167209999.999996,,10594,0.8913
2011-04-20,PDUMJEPULP,EQ,23.6,23.6,24.35,23.6,24.0,23.9,23.93,7822,18716765000.0,,7772,0.9936
2011-04-21,PDUMJEPULP,EQ,23.9,23.55,24.1,23.55,23.55,23.65,23.61,2395,5654475000.0,,2395,1.0
2011-04-25,PDUMJEPULP,EQ,23.65,24.9,25.9,23.25,25.0,24.7,25.08,37975,95247790000.0,,22832,0.6012
2011-04-26,PDUMJEPULP,EQ,24.7,24.6,25.3,24.55,24.9,24.9,24.58,806,1981420000.0,,801,0.9938
2011-04-27,PDUMJEPULP,EQ,24.9,25.9,25.9,24.3,24.35,24.55,24.96,9631,24040570000.0,,8347,0.8667
2011-04-28,PDUMJEPULP,EQ,24.55,24.9,25.2,24.1,24.1,24.15,24.62,8142,20042050000.0,,5282,0.6487
2011-04-29,PDUMJEPULP,EQ,24.15,24.15,24.2,23.15,24.0,23.15,24.11,17710,42700480000.0,,13837,0.7813
2011-05-02,PDUMJEPULP,EQ,23.15,24.45,24.45,23.25,23.3,23.5,23.6,6427,15166750000.0,,6415,0.9981000000000001
2011-05-03,PDUMJEPULP,EQ,23.5,22.1,23.25,22.1,22.1,22.15,22.49,15179,34144845000.0,,12973,0.8547
2011-05-04,PDUMJEPULP,EQ,22.15,22.1,22.4,22.05,22.2,22.2,22.14,952,2107420000.0,,652,0.6849
2011-05-05,PDUMJEPULP,EQ,22.2,24.9,24.9,22.0,22.15,22.4,22.65,4441,10058020000.0,,1967,0.4429
2011-05-06,PDUMJEPULP,EQ,22.4,21.7,22.15,21.35,22.15,22.15,21.9,3828,8382505000.0,,2449,0.6398
2011-05-06,PDUMJEPULP,EQ,22.4,21.7,22.15,21.35,22.15,22.15,21.9,3828,8382505000.0,,2449,0.6398
2011-05-09,PDUMJEPULP,EQ,22.15,24.9,24.9,22.0,22.05,22.05,22.3,2206,4919915000.0,,1782,0.8078000000000001
2011-05-10,PDUMJEPULP,EQ,22.05,22.1,22.65,21.0,21.5,21.7,21.73,4991,10844830000.0,,4354,0.8724
2011-05-11,PDUMJEPULP,EQ,21.7,21.5,21.9,21.3,21.3,21.6,21.6,1407,3038950000.0,,1350,0.9595
2011-05-12,PDUMJEPULP,EQ,21.6,21.4,21.55,21.4,21.55,21.55,21.54,1051,2264150000.0,,1050,0.9990000000000001
2011-05-13,PDUMJEPULP,EQ,21.55,20.6,21.9,20.6,21.9,21.85,20.75,4237,8790050000.0,,4194,0.9899
2011-05-16,PDUMJEPULP,EQ,21.85,23.9,23.9,21.15,21.95,21.6,21.78,2724,5932770000.0,,1450,0.5323
2011-05-17,PDUMJEPULP,EQ,21.6,22.1,22.1,21.3,22.0,22.0,21.46,656,1407595000.0,,587,0.8948
2011-05-18,PDUMJEPULP,EQ,22.0,21.1,21.8,20.15,21.0,20.55,20.74,8932,18526870000.0,,5482,0.6137
2011-05-19,PDUMJEPULP,EQ,20.55,24.25,24.25,20.0,20.3,20.1,20.15,5002,10081310000.0,,4246,0.8489
2011-05-20,PDUMJEPULP,EQ,20.1,19.5,20.75,19.5,20.75,20.7,20.31,1769,3591990000.0,,1273,0.7195999999999999
2011-05-23,PDUMJEPULP,EQ,20.7,23.1,23.1,19.75,19.75,19.75,19.88,2053,4081550000.0,,1553,0.7565000000000001
2011-05-24,PDUMJEPULP,EQ,19.75,19.75,20.9,19.15,20.9,20.9,19.59,10715,20995940000.0,,4587,0.42810000000000004
2011-05-25,PDUMJEPULP,EQ,20.9,19.55,22.75,19.5,21.9,21.35,20.96,6915,14490854999.999998,,2832,0.40950000000000003
2011-05-26,PDUMJEPULP,EQ,21.35,21.9,21.9,20.7,21.85,21.8,21.34,953,2033245000.0,,548,0.5750000000000001
2011-05-27,PDUMJEPULP,EQ,21.8,22.45,22.45,20.15,20.45,20.55,20.6,4618,9512325000.0,,3800,0.8229000000000001
2011-05-30,PDUMJEPULP,EQ,20.55,20.3,20.85,20.3,20.35,20.5,20.57,4300,8845750000.0,,3800,0.8837
2011-05-31,PDUMJEPULP,EQ,20.5,22.55,22.55,20.15,20.15,20.4,20.56,4998,10275715000.0,,3481,0.6965000000000001
2011-06-01,PDUMJEPULP,EQ,20.4,23.95,23.95,19.95,21.0,21.1,20.94,3901,8169610000.000001,48.0,2923,0.7493000000000001
2011-06-02,PDUMJEPULP,EQ,21.1,23.9,23.9,20.55,21.35,21.3,21.55,4992,10756390000.0,79.0,3646,0.7304
2011-06-03,PDUMJEPULP,EQ,21.3,23.45,23.45,20.95,20.95,20.95,21.05,596,1254300000.0,10.0,575,0.9648000000000001
2011-06-06,PDUMJEPULP,EQ,20.95,22.45,22.45,18.5,20.25,20.25,19.79,2992,5922380000.0,27.0,1834,0.613
2011-06-07,PDUMJEPULP,EQ,20.25,20.95,20.95,20.2,20.25,20.25,20.55,1735,3565355000.0000005,18.0,1585,0.9135
2011-06-08,PDUMJEPULP,EQ,20.25,21.15,21.15,20.25,20.85,20.55,20.46,4731,9681770000.0,25.0,4267,0.9019
2011-06-09,PDUMJEPULP,EQ,20.55,24.45,24.45,20.6,21.15,20.95,20.93,1912,4002635000.0,26.0,1420,0.7427
2011-06-10,PDUMJEPULP,EQ,20.95,21.05,22.5,20.85,21.05,21.05,21.09,3793,8001305000.0,24.0,2419,0.6378
2011-06-13,PDUMJEPULP,EQ,21.05,21.05,21.25,20.0,20.6,20.7,20.66,17773,36724035000.0,44.0,14270,0.8029000000000001
2011-06-14,PDUMJEPULP,EQ,20.7,21.15,21.25,20.5,21.15,21.15,20.76,7410,15381729999.999998,22.0,5818,0.7852
2011-06-15,PDUMJEPULP,EQ,21.15,21.9,21.9,20.1,21.15,21.15,20.97,3501,7342775000.0,51.0,2549,0.7281000000000001
2011-06-16,PDUMJEPULP,EQ,21.15,20.55,21.35,20.5,20.9,20.6,20.7,2605,5391495000.0,21.0,1520,0.5835
2011-06-17,PDUMJEPULP,EQ,20.6,22.2,22.2,20.45,20.55,20.55,20.46,492,1006740000.0,5.0,481,0.9776
2011-06-20,PDUMJEPULP,EQ,20.55,22.0,22.0,19.15,19.75,20.2,20.11,2558,5145100000.0,26.0,1975,0.7721
2011-06-21,PDUMJEPULP,EQ,20.2,19.25,20.0,19.25,20.0,20.0,19.66,700,1376250000.0,6.0,450,0.6429
2011-06-22,PDUMJEPULP,EQ,20.0,24.0,24.0,19.3,19.5,19.5,19.53,2506,4895110000.0,23.0,2370,0.9457
2011-06-23,PDUMJEPULP,EQ,19.5,19.25,19.3,19.2,19.3,19.25,19.25,1027,1976975000.0,3.0,576,0.5609000000000001
2011-06-24,PDUMJEPULP,EQ,19.25,20.9,20.9,19.35,19.35,19.65,19.68,9741,19168270000.0,26.0,9567,0.9821
2011-06-27,PDUMJEPULP,EQ,19.65,20.9,20.9,19.3,19.35,19.45,19.53,2904,5671850000.0,23.0,2870,0.9883
2011-06-28,PDUMJEPULP,EQ,19.45,19.6,19.85,19.45,19.85,19.8,19.52,13066,25507055000.0,13.0,10565,0.8086
2011-06-29,PDUMJEPULP,EQ,19.8,19.5,19.6,19.45,19.55,19.55,19.48,1365,2659075000.0,8.0,995,0.7289
2011-06-30,PDUMJEPULP,EQ,19.55,19.55,19.85,19.5,19.55,19.55,19.56,1140,2229780000.0,12.0,1028,0.9018
2011-07-01,PDUMJEPULP,EQ,19.55,22.5,22.5,19.4,20.15,20.15,19.98,210,419520000.0,4.0,198,0.9429000000000001
2011-07-04,PDUMJEPULP,EQ,20.15,20.85,20.85,19.85,19.85,19.85,19.98,115,229775000.0,3.0,100,0.8695999999999999
2011-07-05,PDUMJEPULP,EQ,19.85,20.7,20.7,19.85,20.0,20.0,19.93,1394,2777860000.0,32.0,1028,0.7373999999999999
2011-07-06,PDUMJEPULP,EQ,20.0,19.95,20.15,19.55,20.0,19.55,19.81,2390,4735475000.0,22.0,2110,0.8828
2011-07-07,PDUMJEPULP,EQ,19.55,19.55,19.9,19.55,19.8,19.8,19.77,8995,17787600000.0,17.0,8955,0.9956
2011-07-08,PDUMJEPULP,EQ,19.8,19.7,19.9,19.15,19.2,19.4,19.59,4831,9465260000.0,30.0,4830,0.9998
2011-07-11,PDUMJEPULP,EQ,19.4,20.25,20.5,19.2,20.5,20.2,19.82,19927,39490120000.0,76.0,17198,0.8631000000000001
2011-07-12,PDUMJEPULP,EQ,20.2,20.0,20.3,19.55,19.55,19.65,19.93,16657,33203084999.999996,41.0,15043,0.9031
2011-07-13,PDUMJEPULP,EQ,19.65,20.35,20.35,19.65,19.65,19.65,20.18,2540,5124450000.0,11.0,2140,0.8425
2011-07-14,PDUMJEPULP,EQ,19.65,20.25,20.4,20.1,20.25,20.25,20.25,13725,27799750000.0,29.0,12485,0.9097
2011-07-15,PDUMJEPULP,EQ,20.25,20.85,22.1,20.7,22.0,22.0,21.64,8440,18261015000.0,87.0,8100,0.9597
2011-07-18,PDUMJEPULP,EQ,22.0,21.55,23.0,20.15,23.0,22.75,22.38,18457,41311440000.0,107.0,14595,0.7908
2011-07-19,PDUMJEPULP,EQ,22.75,22.45,23.7,22.0,23.0,23.4,23.0,15627,35935725000.0,91.0,12395,0.7931999999999999
2011-07-20,PDUMJEPULP,EQ,23.4,22.85,22.85,22.0,22.85,22.4,22.35,15025,33577295000.0,55.0,11514,0.7663
2011-07-21,PDUMJEPULP,EQ,22.4,22.35,22.35,21.2,21.2,21.4,21.76,4699,10227115000.0,32.0,4671,0.9940000000000001
2011-07-22,PDUMJEPULP,EQ,21.4,22.5,22.5,21.0,21.6,21.6,21.46,3939,8451825000.0,32.0,2551,0.6476000000000001
2011-07-25,PDUMJEPULP,EQ,21.6,22.6,22.6,21.0,22.2,22.0,21.75,4045,8798815000.0,42.0,2648,0.6546
2011-07-26,PDUMJEPULP,EQ,22.0,22.0,23.3,20.95,21.35,21.4,22.55,31740,71568535000.0,254.0,18015,0.5676
2011-07-27,PDUMJEPULP,EQ,21.4,23.75,23.75,20.85,21.5,21.5,21.55,5633,12140210000.0,80.0,4798,0.8518000000000001
2011-07-28,PDUMJEPULP,EQ,21.5,21.9,21.9,20.55,21.5,21.55,21.48,6729,14452670000.000002,78.0,3783,0.5622
2011-07-29,PDUMJEPULP,EQ,21.55,21.85,21.9,21.85,21.9,21.9,21.9,751,1644440000.0000002,11.0,651,0.8668000000000001
2011-08-01,PDUMJEPULP,EQ,21.9,23.0,23.0,20.8,20.8,20.8,21.29,6775,14423860000.0,27.0,6262,0.9243000000000001
2011-08-02,PDUMJEPULP,EQ,20.8,21.15,21.15,20.5,20.5,20.65,20.68,2851,5895145000.0,26.0,2500,0.8769
2011-08-03,PDUMJEPULP,EQ,20.65,20.9,21.0,20.6,20.8,20.8,20.82,4592,9561755000.0,24.0,4491,0.978
2011-08-04,PDUMJEPULP,EQ,20.8,21.0,21.15,19.5,21.15,21.15,20.95,1138,2383790000.0,8.0,1068,0.9385
2011-08-05,PDUMJEPULP,EQ,21.15,22.95,23.0,19.5,19.6,19.6,19.82,24254,48060065000.0,79.0,17930,0.7393000000000001
2011-08-08,PDUMJEPULP,EQ,19.6,19.0,19.45,17.6,19.0,19.0,18.79,5430,10202375000.0,27.0,3575,0.6584000000000001
2011-08-09,PDUMJEPULP,EQ,19.0,20.0,20.0,15.0,18.55,18.55,17.79,7120,12663290000.0,72.0,4264,0.5989
2011-08-09,PDUMJEPULP,EQ,19.0,20.0,20.0,15.0,18.55,18.55,17.79,7120,12663290000.0,72.0,4264,0.5989
2011-08-10,PDUMJEPULP,EQ,18.55,19.85,19.85,19.0,19.5,19.45,19.27,2780,5358275000.0,36.0,2455,0.8831
2011-08-11,PDUMJEPULP,EQ,19.45,19.5,19.5,19.0,19.5,19.5,19.28,1600,3084000000.0,9.0,1500,0.9375
2011-08-12,PDUMJEPULP,EQ,19.5,18.85,19.75,18.85,19.3,19.3,19.39,209,405195000.0,6.0,209,1.0
2011-08-16,PDUMJEPULP,EQ,19.3,21.3,21.3,19.1,19.1,19.1,19.88,550,1093520000.0,7.0,326,0.5927
2011-08-17,PDUMJEPULP,EQ,19.1,19.5,20.1,18.05,19.0,18.95,19.07,6300,12016950000.0,36.0,5950,0.9444
2011-08-18,PDUMJEPULP,EQ,18.95,18.95,19.5,18.2,18.2,18.4,18.42,2482,4571840000.0,20.0,2175,0.8763
2011-08-19,PDUMJEPULP,EQ,18.4,20.7,20.7,17.4,18.7,18.7,17.91,2196,3933160000.0,21.0,1872,0.8525
2011-08-22,PDUMJEPULP,EQ,18.7,21.1,21.1,17.65,18.7,18.1,18.36,2252,4134050000.0,19.0,2030,0.9014
2011-08-23,PDUMJEPULP,EQ,18.1,18.1,18.7,18.1,18.7,18.7,18.17,1662,3019025000.0,10.0,1661,0.9994
2011-08-24,PDUMJEPULP,EQ,18.7,18.1,18.35,18.0,18.1,18.1,18.12,2432,4407195000.0,18.0,2126,0.8742000000000001
2011-08-25,PDUMJEPULP,EQ,18.1,18.35,18.85,18.35,18.85,18.85,18.38,83,152555000.0,3.0,83,1.0
2011-08-26,PDUMJEPULP,EQ,18.85,17.3,18.9,17.3,18.6,18.25,18.25,5757,10507645000.0,52.0,5607,0.9739
2011-08-29,PDUMJEPULP,EQ,18.25,20.2,20.2,18.25,18.25,18.25,18.5,264,488530000.0,6.0,200,0.7576
2011-08-30,PDUMJEPULP,EQ,18.25,18.55,18.55,18.35,18.5,18.5,18.48,722,1334135000.0,8.0,651,0.9017000000000001
2011-09-02,PDUMJEPULP,EQ,18.5,19.4,19.4,17.65,19.0,19.0,18.82,1793,3375275000.0,24.0,1299,0.7245
2011-09-05,PDUMJEPULP,EQ,19.0,19.75,19.75,18.2,18.45,18.45,18.37,304,558390000.0,6.0,242,0.7961
2011-09-06,PDUMJEPULP,EQ,18.45,18.25,18.65,18.25,18.3,18.3,18.41,441,812030000.0,7.0,341,0.7732
2011-09-07,PDUMJEPULP,EQ,18.3,18.5,19.0,18.35,18.4,18.55,18.43,7664,14126035000.0,38.0,6939,0.9054000000000001
2011-09-08,PDUMJEPULP,EQ,18.55,18.25,18.95,18.25,18.95,18.9,18.79,4190,7873200000.0,13.0,3815,0.9105
2011-09-09,PDUMJEPULP,EQ,18.9,20.0,20.0,18.0,18.5,18.55,18.42,8204,15109900000.0,32.0,5000,0.6095
2011-09-12,PDUMJEPULP,EQ,18.55,18.35,18.5,18.2,18.2,18.35,18.33,1400,2566290000.0,11.0,1400,1.0
2011-09-13,PDUMJEPULP,EQ,18.35,18.35,18.6,18.05,18.6,18.6,18.31,1159,2122015000.0000002,9.0,1100,0.9490999999999999
2011-09-14,PDUMJEPULP,EQ,18.6,18.2,18.3,18.2,18.3,18.3,18.27,3403,6218460000.0,8.0,3403,1.0
2011-09-15,PDUMJEPULP,EQ,18.3,19.3,19.3,18.25,18.65,18.65,18.45,314,579470000.0,9.0,262,0.8344
2011-09-16,PDUMJEPULP,EQ,18.65,18.5,18.5,18.05,18.4,18.4,18.25,5917,10797580000.0,39.0,4794,0.8102
2011-09-19,PDUMJEPULP,EQ,18.4,19.95,19.95,18.1,18.1,18.2,18.26,2196,4009019999.9999995,20.0,1791,0.8156
2011-09-20,PDUMJEPULP,EQ,18.2,18.25,18.85,18.1,18.85,18.85,18.41,550,1012500000.0,6.0,450,0.8181999999999999
2011-09-21,PDUMJEPULP,EQ,18.85,18.35,18.65,18.1,18.2,18.2,18.4,5260,9679850000.0,30.0,2840,0.5399
2011-09-22,PDUMJEPULP,EQ,18.2,18.85,18.85,17.75,17.85,17.9,17.86,8319,14861825000.0,38.0,7209,0.8666
2011-09-23,PDUMJEPULP,EQ,17.9,18.0,18.0,17.45,18.0,17.95,17.9,820,1467450000.0,8.0,810,0.9878
2011-09-26,PDUMJEPULP,EQ,17.95,18.0,18.0,17.25,17.8,17.8,17.44,6652,11604005000.0,20.0,6051,0.9097
2011-09-27,PDUMJEPULP,EQ,17.8,18.0,18.0,17.3,17.4,17.4,17.42,2154,3753150000.0,45.0,1814,0.8422000000000001
2011-09-28,PDUMJEPULP,EQ,17.4,17.7,17.7,17.55,17.7,17.7,17.66,406,717120000.0,5.0,306,0.7537
2011-09-29,PDUMJEPULP,EQ,17.7,17.4,19.0,17.4,17.8,17.95,18.48,2002,3699594999.9999995,10.0,1001,0.5
2011-09-30,PDUMJEPULP,EQ,17.95,17.25,17.7,16.55,17.35,17.55,17.48,2131,3725369999.9999995,28.0,1088,0.5106
2011-10-03,PDUMJEPULP,EQ,17.55,19.9,19.9,16.9,17.0,17.0,17.51,1470,2574000000.0,11.0,290,0.1973
2011-10-04,PDUMJEPULP,EQ,17.0,17.0,17.0,16.15,16.15,16.15,16.5,3748,6184170000.0,23.0,2914,0.7775
2011-10-05,PDUMJEPULP,EQ,16.15,19.0,19.0,16.0,16.55,16.6,16.46,683,1124365000.0,19.0,584,0.8551000000000001
2011-10-07,PDUMJEPULP,EQ,16.6,17.95,19.2,17.2,17.45,17.3,17.99,1250,2249200000.0,10.0,1250,1.0
2011-10-10,PDUMJEPULP,EQ,17.3,18.2,18.2,16.5,17.0,17.0,16.99,3775,6412355000.0,27.0,2700,0.7152
2011-10-11,PDUMJEPULP,EQ,17.0,17.6,17.6,16.9,16.9,16.95,16.94,251,425260000.00000006,3.0,251,1.0
2011-10-12,PDUMJEPULP,EQ,16.95,16.9,17.1,16.4,17.1,17.1,16.71,750,1253500000.0,12.0,550,0.7333
2011-10-13,PDUMJEPULP,EQ,17.1,16.5,16.7,16.5,16.7,16.7,16.7,366,611200000.0,4.0,365,0.9973000000000001
2011-10-14,PDUMJEPULP,EQ,16.7,16.55,17.4,16.55,17.2,17.2,16.93,732,1239460000.0,12.0,732,1.0
2011-10-17,PDUMJEPULP,EQ,17.2,18.5,18.5,16.05,16.9,16.9,16.62,1501,2495385000.0,17.0,1000,0.6662
2011-10-18,PDUMJEPULP,EQ,16.9,16.6,17.6,16.6,17.6,17.6,16.9,2100,3549750000.0,13.0,1450,0.6905
2011-10-19,PDUMJEPULP,EQ,17.6,16.5,18.0,16.5,17.4,17.4,17.3,618,1069335000.0,21.0,413,0.6683
2011-10-20,PDUMJEPULP,EQ,17.4,17.05,17.45,17.05,17.45,17.45,17.45,101,176205000.0,3.0,100,0.9901000000000001
2011-10-21,PDUMJEPULP,EQ,17.45,16.55,17.75,16.55,17.0,17.05,17.31,2323,4021210000.0,31.0,2155,0.9277
2011-10-24,PDUMJEPULP,EQ,17.05,17.9,17.9,16.7,16.7,16.85,17.15,1682,2883890000.0,12.0,1494,0.8882
2011-10-24,PDUMJEPULP,EQ,17.05,17.9,17.9,16.7,16.7,16.85,17.15,1682,2883890000.0,12.0,1494,0.8882
2011-10-25,PDUMJEPULP,EQ,16.85,16.6,17.8,16.6,17.8,17.8,17.34,2021,3503655000.0000005,27.0,1032,0.5106
2011-10-26,PDUMJEPULP,EQ,17.8,17.0,17.2,16.65,17.2,17.2,16.81,1073,1803334999.9999998,6.0,1000,0.932
2011-10-28,PDUMJEPULP,EQ,17.2,17.2,18.0,16.85,17.4,17.4,17.28,727,1256330000.0,12.0,626,0.8611
2011-10-31,PDUMJEPULP,EQ,17.4,17.4,17.9,17.4,17.9,17.7,17.7,174,307945000.0,4.0,100,0.5747
2011-11-01,PDUMJEPULP,EQ,17.7,17.2,17.5,17.1,17.5,17.5,17.22,1750,3013750000.0,12.0,1450,0.8286
2011-11-02,PDUMJEPULP,EQ,17.5,18.65,18.65,17.45,17.45,17.45,17.9,1290,2309175000.0,15.0,1015,0.7868
2011-11-03,PDUMJEPULP,EQ,17.45,17.75,18.0,17.75,17.95,17.95,17.95,1416,2542335000.0,10.0,1273,0.899
2011-11-04,PDUMJEPULP,EQ,17.95,17.6,18.95,17.6,18.95,18.25,18.0,10,18000000.0,4.0,4,0.4
2011-11-08,PDUMJEPULP,EQ,18.25,18.35,18.5,17.3,17.95,17.95,17.72,4156,7363800000.0,19.0,3350,0.8061
2011-11-11,PDUMJEPULP,EQ,17.95,17.1,17.1,17.1,17.1,17.1,17.1,1000,1710000000.0,6.0,1000,1.0
2011-11-14,PDUMJEPULP,EQ,17.1,17.1,17.65,16.2,16.5,16.5,16.74,876,1466670000.0,20.0,872,0.9954000000000001
2011-11-15,PDUMJEPULP,EQ,16.5,16.2,16.5,16.0,16.3,16.3,16.24,1942,3154360000.0,9.0,1842,0.9485
2011-11-16,PDUMJEPULP,EQ,16.3,17.5,17.5,16.35,16.5,16.5,16.76,3662,6137140000.0,22.0,3182,0.8689
2011-11-17,PDUMJEPULP,EQ,16.5,16.5,16.9,16.25,16.25,16.25,16.42,1503,2467485000.0,9.0,1500,0.998
2011-11-18,PDUMJEPULP,EQ,16.25,15.6,15.95,15.25,15.7,15.7,15.59,5064,7896939999.999999,34.0,3679,0.7265
2011-11-21,PDUMJEPULP,EQ,15.7,17.0,17.0,15.05,15.25,15.2,15.28,4889,7468439999.999999,15.0,4763,0.9742000000000001
2011-11-22,PDUMJEPULP,EQ,15.2,14.9,15.45,14.9,15.45,15.25,15.09,1000,1509135000.0,10.0,502,0.502
2011-11-23,PDUMJEPULP,EQ,15.25,15.5,15.5,15.0,15.0,15.0,15.13,1350,2041934999.9999998,5.0,1150,0.8519
2011-11-24,PDUMJEPULP,EQ,15.0,16.3,16.3,15.0,15.0,15.0,15.71,3463,5440170000.0,23.0,2422,0.6994
2011-11-25,PDUMJEPULP,EQ,15.0,15.0,15.0,15.0,15.0,15.0,15.0,685,1027500000.0,2.0,685,1.0
2011-11-28,PDUMJEPULP,EQ,15.0,17.7,17.7,15.65,15.65,15.65,15.85,139,220260000.0,4.0,126,0.9065000000000001
2011-11-29,PDUMJEPULP,EQ,15.65,15.45,15.45,15.3,15.4,15.4,15.4,23584,36317855000.0,48.0,21084,0.8940000000000001
2011-11-30,PDUMJEPULP,EQ,15.4,15.3,15.5,15.0,15.5,15.45,15.25,4900,7471580000.0,30.0,4798,0.9792000000000001
2011-12-01,PDUMJEPULP,EQ,15.45,15.25,15.4,14.6,15.3,15.3,15.08,1928,2907080000.0,14.0,1717,0.8906000000000001
2011-12-02,PDUMJEPULP,EQ,15.3,16.5,16.5,14.9,15.8,15.8,15.02,1308,1964520000.0,21.0,1200,0.9174
2011-12-07,PDUMJEPULP,EQ,15.8,15.15,15.5,15.15,15.5,15.5,15.47,3180,4920505000.0,10.0,3139,0.9871
2011-12-08,PDUMJEPULP,EQ,15.5,15.65,15.65,15.65,15.65,15.65,15.65,2,3130000.0,2.0,1,0.5
2011-12-09,PDUMJEPULP,EQ,15.65,15.1,15.3,15.05,15.05,15.05,15.06,2100,3162375000.0,12.0,1500,0.7143
2011-12-12,PDUMJEPULP,EQ,15.05,15.55,15.55,15.55,15.55,15.55,15.55,1,1555000.0,1.0,1,1.0
2011-12-13,PDUMJEPULP,EQ,15.55,15.25,15.25,15.25,15.25,15.25,15.25,1,1525000.0,1.0,1,1.0
2011-12-14,PDUMJEPULP,EQ,15.25,15.1,15.1,15.1,15.1,15.1,15.1,500,755000000.0,6.0,500,1.0
2011-12-15,PDUMJEPULP,EQ,15.1,14.7,14.8,14.6,14.8,14.65,14.66,1100,1612375000.0,7.0,1100,1.0
2011-12-16,PDUMJEPULP,EQ,14.65,14.6,14.75,14.6,14.6,14.6,14.7,3840,5645400000.0,14.0,2950,0.7682
2011-12-19,PDUMJEPULP,EQ,14.6,14.5,14.5,14.5,14.5,14.5,14.5,161,233450000.0,2.0,161,1.0
2011-12-20,PDUMJEPULP,EQ,14.5,16.0,16.0,14.3,14.3,14.35,14.43,5154,7437710000.000001,36.0,3875,0.7518000000000001
2011-12-21,PDUMJEPULP,EQ,14.35,14.5,14.5,14.5,14.5,14.5,14.5,1000,1450000000.0,1.0,1000,1.0
2011-12-22,PDUMJEPULP,EQ,14.5,15.75,15.75,14.35,14.35,14.35,14.45,2148,3103130000.0,10.0,2038,0.9488
2011-12-26,PDUMJEPULP,EQ,14.35,14.5,14.95,14.5,14.95,14.95,14.54,1100,1599500000.0,2.0,1100,1.0
2011-12-27,PDUMJEPULP,EQ,14.95,16.0,16.0,14.5,14.55,14.55,14.94,9313,13914885000.0,9.0,9300,0.9986
2011-12-28,PDUMJEPULP,EQ,14.55,15.45,15.45,15.0,15.0,15.2,15.22,3,4565000.0,3.0,1,0.3333
2011-12-29,PDUMJEPULP,EQ,15.2,14.5,14.75,14.0,14.1,14.1,14.14,2100,2970270000.0,12.0,2099,0.9995
2011-12-30,PDUMJEPULP,EQ,14.1,14.25,14.3,14.2,14.2,14.2,14.24,1509,2148320000.0,7.0,1505,0.9973000000000001
2012-01-02,PDUMJEPULP,EQ,14.2,16.0,16.0,14.0,14.25,14.25,14.47,117,169300000.0,3.0,117,1.0
2012-01-03,PDUMJEPULP,EQ,14.25,14.5,14.9,14.5,14.55,14.7,14.64,258,377765000.0,5.0,179,0.6938
2012-01-04,PDUMJEPULP,EQ,14.7,15.0,15.0,15.0,15.0,15.0,15.0,3,4500000.0,3.0,1,0.3333
2012-01-05,PDUMJEPULP,EQ,15.0,14.5,15.1,14.35,15.1,15.1,15.07,55580,83766800000.0,27.0,54500,0.9806
2012-01-06,PDUMJEPULP,EQ,15.1,15.1,15.1,15.1,15.1,15.1,15.1,150,226500000.0,2.0,150,1.0
2012-01-07,PDUMJEPULP,EQ,15.1,15.85,16.75,15.85,16.75,15.95,15.97,1000,1597000000.0,5.0,1000,1.0
2012-01-09,PDUMJEPULP,EQ,15.95,15.8,16.8,15.8,16.8,16.8,16.59,7103,11787390000.0,50.0,4988,0.7022
2012-01-10,PDUMJEPULP,EQ,16.8,16.8,17.45,16.8,17.0,17.05,16.99,4041,6867280000.0,33.0,2902,0.7181000000000001
2012-01-11,PDUMJEPULP,EQ,17.05,16.0,17.8,15.25,17.8,17.8,16.82,3319,5583780000.0,48.0,314,0.09460000000000002
2012-01-12,PDUMJEPULP,EQ,17.8,17.0,17.0,16.7,16.7,16.7,16.9,453,765570000.0,14.0,450,0.9934000000000001
2012-01-13,PDUMJEPULP,EQ,16.7,17.0,17.8,17.0,17.05,17.45,17.33,4500,7797725000.0,14.0,4150,0.9222
2012-01-16,PDUMJEPULP,EQ,17.45,17.25,17.25,17.25,17.25,17.25,17.25,1,1725000.0,1.0,1,1.0
2012-01-17,PDUMJEPULP,EQ,17.25,17.45,17.85,17.4,17.4,17.45,17.55,3774,6623805000.0,38.0,3513,0.9308
2012-01-18,PDUMJEPULP,EQ,17.45,18.0,18.0,17.25,17.25,17.25,17.28,104,179700000.0,5.0,100,0.9615000000000001
2012-01-19,PDUMJEPULP,EQ,17.25,17.3,17.5,17.3,17.5,17.5,17.4,2,3479999.9999999995,2.0,2,1.0
2012-01-20,PDUMJEPULP,EQ,17.5,17.6,18.0,16.65,17.35,17.2,17.46,5683,9924815000.0,35.0,4100,0.7214
2012-01-23,PDUMJEPULP,EQ,17.2,19.8,19.8,17.5,17.75,17.6,17.83,1290,2300230000.0,43.0,725,0.562
2012-01-24,PDUMJEPULP,EQ,17.6,17.25,17.6,17.0,17.15,17.1,17.06,2402,4097440000.0,41.0,1900,0.7909999999999999
2012-01-25,PDUMJEPULP,EQ,17.1,17.8,17.9,17.7,17.85,17.85,17.81,5442,9691600000.0,24.0,4925,0.905
2012-01-27,PDUMJEPULP,EQ,17.85,17.6,18.1,17.55,17.55,17.75,17.82,1422,2533855000.0,26.0,1315,0.9248000000000001
2012-01-30,PDUMJEPULP,EQ,17.75,17.5,19.0,17.5,18.0,18.0,18.29,23029,42111310000.0,132.0,20515,0.8908
2012-01-31,PDUMJEPULP,EQ,18.0,18.0,19.0,18.0,18.55,18.7,18.73,6621,12403845000.0,79.0,6364,0.9612
2012-02-01,PDUMJEPULP,EQ,18.7,18.5,19.0,18.5,18.7,19.0,18.85,8642,16292300000.0,64.0,7232,0.8368000000000001
2012-02-02,PDUMJEPULP,EQ,19.0,18.8,19.2,18.65,19.2,18.95,18.71,2320,4340730000.0,28.0,2110,0.9095000000000001
2012-02-03,PDUMJEPULP,EQ,18.95,19.1,19.45,18.3,18.7,18.7,18.92,13896,26285215000.000004,62.0,12361,0.8895000000000001
2012-02-06,PDUMJEPULP,EQ,18.7,19.4,19.5,18.45,18.55,18.55,19.03,870,1655909999.9999998,18.0,807,0.9276000000000001
2012-02-07,PDUMJEPULP,EQ,18.55,19.0,19.25,18.35,18.9,18.9,19.01,14586,27726155000.0,28.0,14586,1.0
2012-02-08,PDUMJEPULP,EQ,18.9,18.85,19.1,18.55,19.0,18.65,18.93,2403,4549580000.0,48.0,2301,0.9576000000000001
2012-02-09,PDUMJEPULP,EQ,18.65,19.75,19.75,19.0,19.0,19.0,19.38,200,387500000.0,2.0,100,0.5
2012-02-10,PDUMJEPULP,EQ,19.0,19.7,19.7,19.0,19.0,19.0,19.06,11,20970000.0,4.0,11,1.0
2012-02-13,PDUMJEPULP,EQ,19.0,18.5,18.5,17.2,17.25,17.25,17.66,26571,46932580000.0,121.0,25016,0.9415000000000001
2012-02-14,PDUMJEPULP,EQ,17.25,17.75,17.75,17.75,17.75,17.75,17.75,1,1775000.0,1.0,1,1.0
2012-02-15,PDUMJEPULP,EQ,17.75,18.0,18.0,17.3,17.45,17.35,17.45,11132,19422650000.0,83.0,10715,0.9625
2012-02-16,PDUMJEPULP,EQ,17.35,17.5,17.75,17.25,17.5,17.5,17.41,14739,25656425000.0,59.0,13820,0.9376000000000001
2012-02-17,PDUMJEPULP,EQ,17.5,17.2,18.0,17.2,17.3,17.3,17.46,14084,24590225000.0,28.0,10094,0.7167
2012-02-21,PDUMJEPULP,EQ,17.3,17.0,18.75,16.5,17.75,17.45,17.15,21575,37001935000.0,127.0,13202,0.6119
2012-02-22,PDUMJEPULP,EQ,17.45,18.95,19.0,17.1,17.1,17.1,17.2,5322,9156300000.0,30.0,5205,0.978
2012-02-23,PDUMJEPULP,EQ,17.1,17.5,17.5,17.0,17.0,17.0,17.14,6539,11207375000.0,48.0,5031,0.7694
2012-02-24,PDUMJEPULP,EQ,17.0,17.1,17.55,17.0,17.1,17.1,17.1,2013,3441830000.0000005,6.0,2001,0.9940000000000001
2012-02-27,PDUMJEPULP,EQ,17.1,17.0,17.25,16.5,17.25,17.0,16.99,19378,32915690000.000004,74.0,17867,0.922
2012-02-28,PDUMJEPULP,EQ,17.0,17.0,17.05,17.0,17.0,17.0,17.0,4001,6802700000.0,9.0,4001,1.0
2012-02-29,PDUMJEPULP,EQ,17.0,16.9,17.0,16.3,16.8,16.8,16.76,4000,6704895000.0,33.0,2099,0.5246999999999999
2012-03-01,PDUMJEPULP,EQ,16.8,17.0,17.0,17.0,17.0,17.0,17.0,1,1700000.0,1.0,1,1.0
2012-03-02,PDUMJEPULP,EQ,17.0,17.0,17.0,16.35,17.0,16.95,16.99,2008,3410790000.0,12.0,2002,0.997
2012-03-03,PDUMJEPULP,EQ,16.95,19.5,19.5,16.25,17.0,16.65,16.67,10003,16670490000.0,19.0,2997,0.29960000000000003
2012-03-05,PDUMJEPULP,EQ,16.65,16.75,16.8,16.7,16.8,16.8,16.71,1406,2349080000.0,14.0,1405,0.9993000000000001
2012-03-06,PDUMJEPULP,EQ,16.8,17.9,17.9,16.6,16.65,16.65,16.71,460,768725000.0,13.0,451,0.9804
2012-03-07,PDUMJEPULP,EQ,16.65,16.75,17.0,16.55,16.55,16.55,16.71,2539,4242090000.0,5.0,2539,1.0
2012-03-09,PDUMJEPULP,EQ,16.55,16.55,16.55,16.55,16.55,16.55,16.55,500,827500000.0,1.0,500,1.0
2012-03-12,PDUMJEPULP,EQ,16.55,17.0,17.45,16.55,17.0,17.0,17.15,816,1399510000.0,23.0,812,0.9951000000000001
2012-03-13,PDUMJEPULP,EQ,17.0,16.8,17.25,16.1,16.8,16.8,16.66,5624,9367845000.0,37.0,3686,0.6554000000000001
2012-03-14,PDUMJEPULP,EQ,16.8,16.75,16.75,16.1,16.5,16.3,16.26,4398,7153345000.0,31.0,3294,0.7490000000000001
2012-03-15,PDUMJEPULP,EQ,16.3,16.1,16.1,15.75,16.1,15.9,16.01,11846,18965905000.0,56.0,9481,0.8004000000000001
2012-03-16,PDUMJEPULP,EQ,15.9,16.0,16.25,15.3,15.75,15.8,15.71,2372,3725540000.0,17.0,2168,0.914
2012-03-19,PDUMJEPULP,EQ,15.8,15.8,15.95,15.1,15.35,15.35,15.9,2817,4479165000.0,20.0,2812,0.9982
2012-03-20,PDUMJEPULP,EQ,15.35,15.1,18.2,15.1,15.7,15.7,16.69,5482,9150265000.0,62.0,5074,0.9256000000000001
2012-03-21,PDUMJEPULP,EQ,15.7,16.0,16.0,16.0,16.0,16.0,16.0,500,800000000.0,1.0,500,1.0
2012-03-22,PDUMJEPULP,EQ,16.0,16.0,16.45,15.3,16.45,16.45,15.85,2077,3291385000.0,12.0,1805,0.8690000000000001
2012-03-23,PDUMJEPULP,EQ,16.45,16.0,16.0,15.8,16.0,16.0,15.82,551,871595000.0000001,16.0,550,0.9982
2012-03-26,PDUMJEPULP,EQ,16.0,15.75,16.65,15.7,16.6,16.6,15.73,151,237505000.00000003,8.0,148,0.9801000000000001
2012-03-27,PDUMJEPULP,EQ,16.6,16.6,16.6,15.0,15.0,15.25,15.99,157500,251782360000.0,45.0,156263,0.9921
2012-03-28,PDUMJEPULP,EQ,15.25,15.95,16.0,15.2,15.35,15.3,15.54,4767,7409430000.0,40.0,4703,0.9866
2012-03-29,PDUMJEPULP,EQ,15.3,15.05,16.4,15.05,16.4,16.4,15.89,3128,4971595000.0,13.0,3125,0.9990000000000001
2012-03-30,PDUMJEPULP,EQ,16.4,15.5,16.5,15.45,16.5,16.5,15.83,1681,2660580000.0,28.0,1123,0.6681
2012-04-02,PDUMJEPULP,EQ,16.5,16.9,16.95,16.5,16.5,16.5,16.68,6500,10842500000.0,8.0,6500,1.0
2012-04-03,PDUMJEPULP,EQ,16.5,16.25,17.75,16.2,16.6,16.6,16.46,376255,619347015000.0,57.0,375597,0.9983
2012-04-04,PDUMJEPULP,EQ,16.6,17.9,17.9,16.6,16.6,16.65,16.69,1849,3085990000.0,17.0,1306,0.7062999999999999
2012-04-09,PDUMJEPULP,EQ,16.65,16.5,17.2,16.5,17.1,17.0,17.0,2264,3849535000.0,24.0,2261,0.9987
2012-04-10,PDUMJEPULP,EQ,17.0,16.75,17.35,16.75,17.0,17.3,17.22,8849,15241654999.999998,50.0,7681,0.868
2012-04-11,PDUMJEPULP,EQ,17.3,17.0,17.05,17.0,17.05,17.05,17.01,470,799500000.0,4.0,470,1.0
2012-04-12,PDUMJEPULP,EQ,17.05,17.0,17.45,17.0,17.05,17.35,17.08,2298,3924165000.0,20.0,2297,0.9995999999999999
2012-04-13,PDUMJEPULP,EQ,17.35,17.0,19.5,17.0,18.6,18.5,19.05,856117,1631211335000.0,528.0,800764,0.9353
2012-04-16,PDUMJEPULP,EQ,18.5,18.05,18.5,17.75,17.75,18.2,18.1,3706,6707700000.0,41.0,2395,0.6462000000000001
2012-04-17,PDUMJEPULP,EQ,18.2,18.0,18.5,17.7,17.85,17.85,17.95,5698,10229420000.0,36.0,5195,0.9117000000000001
2012-04-18,PDUMJEPULP,EQ,17.85,17.6,18.35,17.6,18.0,18.25,18.03,1609,2900395000.0,19.0,1154,0.7172
2012-04-19,PDUMJEPULP,EQ,18.25,18.0,18.25,18.0,18.25,18.25,18.16,3768,6841280000.0,66.0,3079,0.8170999999999999
2012-04-20,PDUMJEPULP,EQ,18.25,18.0,18.95,16.55,17.25,17.5,17.06,11056,18858090000.0,289.0,6247,0.5650000000000001
2012-04-23,PDUMJEPULP,EQ,17.5,18.0,18.0,17.1,17.1,17.1,17.66,4273,7545020000.0,32.0,4069,0.9523
2012-04-24,PDUMJEPULP,EQ,17.1,17.0,18.0,16.15,16.8,17.45,17.18,932,1601000000.0,11.0,729,0.7822
2012-04-25,PDUMJEPULP,EQ,17.45,17.0,17.6,16.55,17.6,17.6,17.0,506,860229999.9999999,7.0,502,0.9921
2012-04-26,PDUMJEPULP,EQ,17.6,17.0,17.0,16.1,16.15,16.2,16.47,5891,9704770000.0,50.0,5086,0.8634000000000001
2012-04-27,PDUMJEPULP,EQ,16.2,16.5,17.2,16.35,16.35,16.35,16.53,7346,12142420000.0,9.0,7145,0.9726
2012-04-28,PDUMJEPULP,EQ,16.35,18.0,18.0,18.0,18.0,18.0,18.0,1,1800000.0,1.0,0,0.0
2012-04-30,PDUMJEPULP,EQ,18.0,17.5,17.5,16.35,16.7,16.55,16.52,4010,6625970000.0,37.0,2784,0.6943
2012-05-02,PDUMJEPULP,EQ,16.55,17.9,17.9,16.5,16.5,16.6,16.6,1107,1837175000.0,9.0,1103,0.9964000000000001
2012-05-03,PDUMJEPULP,EQ,16.6,17.9,17.9,16.5,16.8,16.8,17.33,1200,2080000000.0,7.0,700,0.5833
2012-05-04,PDUMJEPULP,EQ,16.8,16.35,17.35,15.25,15.8,15.6,15.95,6792,10831335000.0,33.0,5923,0.8721
2012-05-07,PDUMJEPULP,EQ,15.6,16.0,16.0,15.0,15.6,15.6,15.71,1805,2836060000.0,9.0,1100,0.6093999999999999
2012-05-08,PDUMJEPULP,EQ,15.6,16.05,16.05,16.05,16.05,16.05,16.05,101,162105000.0,1.0,101,1.0
2012-05-09,PDUMJEPULP,EQ,16.05,15.65,15.7,15.4,15.7,15.6,15.62,1250,1952250000.0,6.0,1175,0.9400000000000001
2012-05-10,PDUMJEPULP,EQ,15.6,15.05,15.65,14.75,15.0,14.9,15.01,7106,10667265000.0,17.0,5300,0.7458
2012-05-11,PDUMJEPULP,EQ,14.9,15.45,15.45,14.65,14.75,14.75,14.72,843,1240870000.0,8.0,643,0.7628
2012-05-14,PDUMJEPULP,EQ,14.75,15.25,15.25,14.3,14.3,14.3,14.31,173,247640000.0,6.0,170,0.9827
2012-05-15,PDUMJEPULP,EQ,14.3,14.0,15.9,12.7,13.55,13.7,13.37,14517,19412000000.0,112.0,7527,0.5185000000000001
2012-05-16,PDUMJEPULP,EQ,13.7,13.25,14.0,13.1,13.1,13.1,13.53,2669,3611485000.0,12.0,1666,0.6242
2012-05-17,PDUMJEPULP,EQ,13.1,13.8,15.6,13.35,13.45,13.45,13.59,1740,2365095000.0,19.0,1540,0.8851000000000001
2012-05-18,PDUMJEPULP,EQ,13.45,13.75,14.9,13.75,13.75,13.75,13.8,1077,1486690000.0,8.0,1076,0.9991
2012-05-21,PDUMJEPULP,EQ,13.75,13.75,14.8,13.75,14.8,14.75,14.31,1508,2158585000.0,17.0,1325,0.8786
2012-05-22,PDUMJEPULP,EQ,14.75,15.2,15.2,13.85,14.0,14.2,14.28,2798,3994944999.9999995,19.0,2195,0.7845000000000001
2012-05-23,PDUMJEPULP,EQ,14.2,14.0,14.0,13.35,14.0,14.0,13.98,53,74115000.0,5.0,50,0.9434
2012-05-24,PDUMJEPULP,EQ,14.0,14.75,15.2,14.45,15.2,14.85,14.75,1904,2808080000.0,20.0,1712,0.8992
2012-05-25,PDUMJEPULP,EQ,14.85,15.0,15.0,15.0,15.0,15.0,15.0,102,153000000.0,8.0,102,1.0
2012-05-28,PDUMJEPULP,EQ,15.0,15.0,15.8,15.0,15.8,15.8,15.23,2026,3085000000.0,21.0,2026,1.0
2012-05-29,PDUMJEPULP,EQ,15.8,15.4,16.3,14.5,16.3,16.1,15.54,928,1442345000.0,49.0,871,0.9386
2012-05-30,PDUMJEPULP,EQ,16.1,16.5,16.5,15.3,16.25,16.1,16.39,1338,2193465000.0,17.0,1078,0.8057
2012-05-31,PDUMJEPULP,EQ,16.1,16.55,16.55,15.0,15.1,15.4,15.61,1886,2943385000.0,35.0,1377,0.7301000000000001
2012-06-01,PDUMJEPULP,EQ,15.4,15.3,15.4,14.95,14.95,14.95,15.05,1303,1961065000.0000002,29.0,1222,0.9378000000000001
2012-06-04,PDUMJEPULP,EQ,14.95,15.85,15.85,14.8,15.05,15.05,14.88,1505,2240140000.0,15.0,1502,0.998
2012-06-05,PDUMJEPULP,EQ,15.05,14.75,14.75,14.75,14.75,14.75,14.75,125,184375000.0,4.0,124,0.9920000000000001
2012-06-06,PDUMJEPULP,EQ,14.75,14.6,15.5,14.6,14.7,14.7,15.13,850,1285750000.0,4.0,600,0.7059000000000001
2012-06-07,PDUMJEPULP,EQ,14.7,15.0,15.0,14.45,14.6,14.6,14.69,3003,4411875000.0,23.0,3000,0.9990000000000001
2012-06-08,PDUMJEPULP,EQ,14.6,14.6,14.6,14.35,14.35,14.4,14.58,296,431575000.0,6.0,245,0.8277
2012-06-11,PDUMJEPULP,EQ,14.4,14.95,15.45,14.95,15.05,15.05,14.99,2251,3373794999.9999995,11.0,2050,0.9107
2012-06-12,PDUMJEPULP,EQ,15.05,15.25,16.0,15.0,15.1,15.5,15.26,1645,2510370000.0,87.0,1274,0.7745000000000001
2012-06-13,PDUMJEPULP,EQ,15.5,15.0,15.45,14.6,15.45,15.45,14.92,952,1420610000.0,10.0,750,0.7878000000000001
2012-06-14,PDUMJEPULP,EQ,15.45,15.5,15.85,15.0,15.85,15.5,15.18,535,812260000.0,22.0,350,0.6542
2012-06-15,PDUMJEPULP,EQ,15.5,16.0,16.45,15.0,15.0,15.0,15.31,2504,3833215000.0,12.0,2011,0.8031
2012-06-18,PDUMJEPULP,EQ,15.0,14.9,14.9,14.4,14.9,14.9,14.53,2071,3008380000.0,8.0,2069,0.9990000000000001
2012-06-19,PDUMJEPULP,EQ,14.9,15.85,15.9,15.85,15.9,15.85,15.88,2,3175000.0,2.0,1,0.5
2012-06-20,PDUMJEPULP,EQ,15.85,15.4,15.4,15.0,15.0,15.0,15.0,1067,1600540000.0,26.0,1065,0.9981000000000001
2012-06-21,PDUMJEPULP,EQ,15.0,15.9,15.9,15.85,15.85,15.85,15.9,601,955585000.0,2.0,601,1.0
2012-06-22,PDUMJEPULP,EQ,15.85,16.0,16.0,14.85,15.35,15.35,15.06,1013,1525090000.0,18.0,503,0.4965
2012-06-25,PDUMJEPULP,EQ,15.35,14.75,14.75,14.75,14.75,14.75,14.75,994,1466150000.0,8.0,500,0.503
2012-06-26,PDUMJEPULP,EQ,14.75,14.8,15.0,14.2,15.0,14.25,14.75,1100,1622535000.0,16.0,1035,0.9409000000000001
2012-06-27,PDUMJEPULP,EQ,14.25,14.55,15.0,14.5,14.55,14.55,14.86,552,820440000.0,8.0,504,0.913
2012-06-28,PDUMJEPULP,EQ,14.55,14.8,14.8,14.55,14.55,14.55,14.7,1000,1470150000.0,5.0,1000,1.0
2012-06-29,PDUMJEPULP,EQ,14.55,14.55,14.8,14.55,14.65,14.7,14.69,884,1298690000.0,19.0,884,1.0
2012-07-02,PDUMJEPULP,EQ,14.7,14.85,15.95,14.85,15.5,15.5,15.42,3517,5423875000.0,11.0,1520,0.4322
2012-07-03,PDUMJEPULP,EQ,15.5,15.1,15.35,14.8,15.35,15.3,15.03,9591,14416754999.999998,82.0,7615,0.794
2012-07-04,PDUMJEPULP,EQ,15.3,15.3,15.6,15.25,15.4,15.6,15.38,4255,6545580000.0,34.0,3602,0.8465
2012-07-05,PDUMJEPULP,EQ,15.6,15.4,16.0,15.0,15.5,15.85,15.62,11502,17962015000.0,48.0,6735,0.5856
2012-07-06,PDUMJEPULP,EQ,15.85,14.6,16.2,14.6,16.1,16.15,15.77,10419,16428129999.999998,65.0,8839,0.8484
2012-07-09,PDUMJEPULP,EQ,16.15,16.7,16.7,15.7,15.9,15.9,15.85,6359,10081560000.0,90.0,5460,0.8586
2012-07-10,PDUMJEPULP,EQ,15.9,16.4,16.4,15.6,15.6,15.6,15.72,2059,3237105000.0,27.0,1850,0.8985
2012-07-11,PDUMJEPULP,EQ,15.6,15.6,16.0,15.6,15.85,15.9,15.87,2345,3720915000.0,26.0,1934,0.8247
2012-07-12,PDUMJEPULP,EQ,15.9,15.6,15.85,15.3,15.5,15.5,15.49,1006,1558555000.0,16.0,1001,0.995
2012-07-13,PDUMJEPULP,EQ,15.5,15.55,15.7,15.5,15.6,15.6,15.51,1115,1729325000.0,33.0,990,0.8879000000000001
2012-07-16,PDUMJEPULP,EQ,15.6,15.5,15.5,15.5,15.5,15.5,15.5,509,788950000.0,1.0,509,1.0
2012-07-17,PDUMJEPULP,EQ,15.5,15.5,15.6,15.4,15.4,15.4,15.54,2534,3936660000.0,16.0,2514,0.9921
2012-07-18,PDUMJEPULP,EQ,15.4,15.3,15.3,15.3,15.3,15.3,15.3,1501,2296530000.0,7.0,1261,0.8401000000000001
2012-07-19,PDUMJEPULP,EQ,15.3,15.3,15.8,15.3,15.8,15.8,15.51,1340,2077700000.0,10.0,1340,1.0
2012-07-20,PDUMJEPULP,EQ,15.8,15.5,15.5,15.1,15.5,15.35,15.36,3006,4616145000.0,24.0,2643,0.8792
2012-07-23,PDUMJEPULP,EQ,15.35,15.5,15.5,14.75,14.95,14.95,15.16,3448,5228510000.0,27.0,3250,0.9426000000000001
2012-07-24,PDUMJEPULP,EQ,14.95,15.0,15.0,14.8,14.95,14.95,14.94,2250,3361750000.0,6.0,2250,1.0
2012-07-25,PDUMJEPULP,EQ,14.95,15.0,15.0,14.75,14.75,14.75,14.87,1115,1657480000.0,7.0,1114,0.9991
2012-07-26,PDUMJEPULP,EQ,14.75,14.7,14.7,14.1,14.15,14.2,14.33,3166,4537940000.0,17.0,2210,0.698
2012-07-27,PDUMJEPULP,EQ,14.2,14.5,14.5,13.25,13.95,13.85,13.95,6682,9323120000.0,34.0,6055,0.9062000000000001
2012-07-30,PDUMJEPULP,EQ,13.85,14.0,14.7,13.75,14.7,13.9,14.11,1236,1743434999.9999998,11.0,1233,0.9976
2012-07-31,PDUMJEPULP,EQ,13.9,13.85,14.0,13.85,14.0,14.0,13.9,1618,2248430000.0,19.0,1618,1.0
2012-08-01,PDUMJEPULP,EQ,14.0,14.0,14.0,14.0,14.0,14.0,14.0,1,1400000.0,1.0,1,1.0
2012-08-02,PDUMJEPULP,EQ,14.0,16.15,16.15,13.5,14.05,13.9,13.85,3489,4831405000.0,74.0,2601,0.7454999999999999
2012-08-06,PDUMJEPULP,EQ,13.9,14.9,14.9,13.95,13.95,14.0,14.05,14064,19754265000.0,56.0,13463,0.9573
2012-08-07,PDUMJEPULP,EQ,14.0,14.05,14.2,13.9,14.0,14.05,14.07,2493,3508210000.0,71.0,2002,0.8029999999999999
2012-08-08,PDUMJEPULP,EQ,14.05,14.95,14.95,13.85,14.0,14.0,14.04,2347,3294065000.0,35.0,2309,0.9838
2012-08-09,PDUMJEPULP,EQ,14.0,14.0,14.0,14.0,14.0,14.0,14.0,1570,2198000000.0,2.0,1570,1.0
2012-08-10,PDUMJEPULP,EQ,14.0,14.0,14.2,14.0,14.2,14.15,14.15,4000,5660200000.0,6.0,4000,1.0
2012-08-13,PDUMJEPULP,EQ,14.15,13.8,15.0,13.25,14.1,14.9,14.82,2746,4070119999.9999995,36.0,2707,0.9858
2012-08-14,PDUMJEPULP,EQ,14.9,14.65,16.0,14.1,14.7,14.15,14.31,1816,2598870000.0,37.0,1554,0.8556999999999999
2012-08-16,PDUMJEPULP,EQ,14.15,14.5,14.6,13.7,14.2,13.8,14.02,6035,8463545000.0,91.0,4792,0.794
2012-08-17,PDUMJEPULP,EQ,13.8,14.0,14.0,13.35,13.6,13.35,13.83,5030,6955405000.0,24.0,4525,0.8996
2012-08-21,PDUMJEPULP,EQ,13.35,13.6,13.6,12.8,12.95,12.9,13.09,12317,16123429999.999998,162.0,11500,0.9337000000000001
2012-08-22,PDUMJEPULP,EQ,12.9,13.25,13.7,13.0,13.2,13.2,13.27,3202,4247860000.0,29.0,2701,0.8434999999999999
2012-08-24,PDUMJEPULP,EQ,13.2,13.5,15.5,13.15,13.15,13.25,13.51,1791,2419310000.0,41.0,1576,0.88
2012-08-27,PDUMJEPULP,EQ,13.25,15.3,15.3,12.85,12.85,12.85,13.01,3708,4822895000.0,34.0,3703,0.9987
2012-08-28,PDUMJEPULP,EQ,12.85,12.9,13.0,12.7,12.7,12.7,12.86,2536,3260280000.0,14.0,2445,0.9641
2012-08-29,PDUMJEPULP,EQ,12.7,12.6,12.6,11.9,12.5,12.45,12.4,5906,7323280000.0,21.0,5201,0.8806
2012-08-30,PDUMJEPULP,EQ,12.45,12.75,12.75,12.25,12.5,12.5,12.5,3205,4006750000.0,13.0,2805,0.8752
2012-08-31,PDUMJEPULP,EQ,12.5,12.25,12.5,12.05,12.5,12.5,12.46,2138,2664970000.0,42.0,1928,0.9018
2012-09-03,PDUMJEPULP,EQ,12.5,12.05,15.0,10.0,11.65,11.65,11.72,15765,18477875000.0,372.0,7326,0.4647
2012-09-04,PDUMJEPULP,EQ,11.65,12.0,12.65,12.0,12.1,12.1,12.01,586,703635000.0,12.0,582,0.9932
2012-09-05,PDUMJEPULP,EQ,12.1,12.0,12.75,12.0,12.0,12.1,12.24,906,1109355000.0,16.0,876,0.9669
2012-09-06,PDUMJEPULP,EQ,12.1,12.5,12.9,12.15,12.5,12.65,12.54,2919,3659950000.0,17.0,2819,0.9657
2012-09-07,PDUMJEPULP,EQ,12.65,12.8,13.75,12.8,13.75,13.35,12.84,963,1236940000.0,25.0,953,0.9895999999999999
2012-09-08,PDUMJEPULP,EQ,13.35,13.1,13.5,13.1,13.5,13.5,13.1,611,800490000.0,246.0,608,0.9951000000000001
2012-09-10,PDUMJEPULP,EQ,13.5,13.5,14.0,12.95,13.1,13.05,13.1,4068,5328870000.0,433.0,3429,0.8429000000000001
2012-09-11,PDUMJEPULP,EQ,13.05,13.15,13.15,13.15,13.15,13.15,13.15,50,65750000.0,2.0,50,1.0
2012-09-12,PDUMJEPULP,EQ,13.15,13.35,13.35,12.7,13.0,12.95,12.97,4098,5314430000.0,40.0,3890,0.9492
2012-09-13,PDUMJEPULP,EQ,12.95,12.8,12.95,12.55,12.7,12.7,12.71,3376,4291735000.0,22.0,2570,0.7613
2012-09-14,PDUMJEPULP,EQ,12.7,12.75,13.2,12.7,13.2,12.9,12.85,4291,5514690000.0,43.0,3850,0.8972
2012-09-17,PDUMJEPULP,EQ,12.9,12.9,12.9,12.5,12.6,12.6,12.7,5639,7160580000.0,26.0,4434,0.7863
2012-09-18,PDUMJEPULP,EQ,12.6,12.9,12.9,12.4,12.9,12.7,12.73,2804,3569265000.0,18.0,2801,0.9989
2012-09-20,PDUMJEPULP,EQ,12.7,12.9,12.95,12.75,12.75,12.85,12.87,5745,7394864999.999999,27.0,5745,1.0
2012-09-21,PDUMJEPULP,EQ,12.85,12.7,13.0,12.1,12.9,12.9,12.61,4637,5849445000.0,163.0,2800,0.6038
2012-09-24,PDUMJEPULP,EQ,12.9,12.75,13.4,12.75,12.95,12.95,13.0,1109,1441760000.0,15.0,926,0.835
2012-09-25,PDUMJEPULP,EQ,12.95,12.9,13.35,12.8,13.35,13.35,13.1,3744,4906090000.0,20.0,3264,0.8718000000000001
2012-09-26,PDUMJEPULP,EQ,13.35,13.05,13.7,13.05,13.7,13.7,13.55,827,1120615000.0,9.0,826,0.9988
2012-09-27,PDUMJEPULP,EQ,13.7,13.4,15.15,13.0,15.15,14.65,14.33,5221,7483685000.000001,124.0,4484,0.8588
2012-09-28,PDUMJEPULP,EQ,14.65,14.25,14.9,13.6,13.95,14.15,14.32,12841,18385530000.0,86.0,5254,0.4092
2012-10-01,PDUMJEPULP,EQ,14.15,14.5,14.5,13.4,13.55,13.55,13.55,616,834829999.9999999,21.0,612,0.9934999999999999
2012-10-03,PDUMJEPULP,EQ,13.55,14.0,14.0,13.75,13.95,13.9,13.91,7977,11094415000.0,21.0,5302,0.6647
2012-10-04,PDUMJEPULP,EQ,13.9,13.8,14.0,13.5,13.95,13.95,13.8,12526,17280745000.0,95.0,8827,0.7047
2012-10-05,PDUMJEPULP,EQ,13.95,13.75,13.85,13.3,13.4,13.4,13.49,3027,4082830000.0000005,14.0,2025,0.669
2012-10-08,PDUMJEPULP,EQ,13.4,14.5,14.5,13.65,13.75,13.75,13.9,3586,4983250000.0,31.0,3085,0.8603000000000001
2012-10-09,PDUMJEPULP,EQ,13.75,13.75,13.9,13.7,13.9,13.9,13.82,3741,5168690000.0,9.0,3741,1.0
2012-10-10,PDUMJEPULP,EQ,13.9,13.65,13.65,13.5,13.55,13.6,13.6,4362,5933260000.0,15.0,4360,0.9995
2012-10-11,PDUMJEPULP,EQ,13.6,13.55,13.55,13.45,13.55,13.55,13.55,2426,3286594999.9999995,6.0,2425,0.9995999999999999
2012-10-12,PDUMJEPULP,EQ,13.55,13.55,13.65,13.5,13.5,13.6,13.59,4006,5443900000.0,27.0,4006,1.0
2012-10-15,PDUMJEPULP,EQ,13.6,13.6,13.6,13.45,13.55,13.55,13.57,1666,2260920000.0,12.0,1640,0.9844
2012-10-16,PDUMJEPULP,EQ,13.55,13.6,13.6,13.6,13.6,13.6,13.6,145,197200000.0,1.0,145,1.0
2012-10-17,PDUMJEPULP,EQ,13.6,13.9,13.9,13.55,13.55,13.55,13.56,638,865195000.0000001,22.0,637,0.9984000000000001
2012-10-18,PDUMJEPULP,EQ,13.55,13.5,13.65,13.3,13.45,13.5,13.53,5757,7788439999.999999,36.0,5255,0.9128000000000001
2012-10-19,PDUMJEPULP,EQ,13.5,13.5,13.5,13.4,13.45,13.45,13.45,2051,2757590000.0,16.0,2050,0.9995
2012-10-22,PDUMJEPULP,EQ,13.45,13.9,13.95,13.5,13.5,13.5,13.51,362,489120000.0,8.0,360,0.9945
2012-10-25,PDUMJEPULP,EQ,13.5,13.7,13.7,13.45,13.5,13.65,13.66,2125,2903625000.0,7.0,2125,1.0
2012-10-26,PDUMJEPULP,EQ,13.65,13.4,13.4,13.1,13.3,13.3,13.32,1253,1668720000.0,18.0,1250,0.9976
2012-10-29,PDUMJEPULP,EQ,13.3,13.2,14.7,13.2,13.8,13.8,13.57,19786,26848220000.0,236.0,12556,0.6346
2012-10-30,PDUMJEPULP,EQ,13.8,14.55,14.55,13.6,13.6,13.6,13.83,1615,2234015000.0,43.0,1610,0.9969
2012-10-31,PDUMJEPULP,EQ,13.6,14.0,14.0,13.6,13.6,13.6,13.66,940,1284160000.0,5.0,940,1.0
2012-11-01,PDUMJEPULP,EQ,13.6,15.2,15.8,14.25,14.5,14.75,15.11,58843,88923585000.0,482.0,22853,0.3884
2012-11-02,PDUMJEPULP,EQ,14.75,15.0,15.15,14.3,14.65,14.75,14.49,7879,11417390000.0,83.0,6164,0.7823000000000001
2012-11-05,PDUMJEPULP,EQ,14.75,14.75,15.0,14.6,14.7,14.7,14.79,4088,6047785000.0,18.0,4070,0.9956
2012-11-06,PDUMJEPULP,EQ,14.7,14.75,14.85,14.5,14.8,14.8,14.66,3314,4858085000.0,119.0,2900,0.8751000000000001
2012-11-07,PDUMJEPULP,EQ,14.8,14.5,14.95,14.5,14.95,14.85,14.78,2540,3754755000.0000005,21.0,1567,0.6169
2012-11-08,PDUMJEPULP,EQ,14.85,14.5,15.0,14.15,14.95,14.95,14.6,6203,9055785000.0,36.0,5200,0.8383
2012-11-09,PDUMJEPULP,EQ,14.95,14.65,14.75,14.3,14.7,14.5,14.61,1880,2746475000.0,21.0,1268,0.6745
2012-11-12,PDUMJEPULP,EQ,14.5,14.1,14.1,14.1,14.1,14.1,14.1,200,282000000.0,2.0,200,1.0
2012-11-13,PDUMJEPULP,EQ,14.1,14.75,14.75,13.85,14.15,13.95,14.2,1019,1446605000.0,16.0,1015,0.9961
2012-11-15,PDUMJEPULP,EQ,13.95,14.85,14.85,13.8,13.9,13.9,13.93,3424,4769785000.0,28.0,3392,0.9906999999999999
2012-11-16,PDUMJEPULP,EQ,13.9,13.9,14.0,13.4,13.7,13.55,13.67,6776,9261490000.0,43.0,5925,0.8744
2012-11-19,PDUMJEPULP,EQ,13.55,13.4,13.65,13.4,13.65,13.4,13.41,1063,1425070000.0,3.0,1063,1.0
2012-11-21,PDUMJEPULP,EQ,13.4,13.1,13.2,13.1,13.15,13.15,13.19,3136,4136360000.0,10.0,3136,1.0
2012-11-22,PDUMJEPULP,EQ,13.15,13.2,13.25,13.1,13.25,13.25,13.19,2002,2639700000.0,20.0,2001,0.9995
2012-11-23,PDUMJEPULP,EQ,13.25,13.25,13.25,13.0,13.0,13.0,13.08,2159,2824455000.0,9.0,2159,1.0
2012-11-26,PDUMJEPULP,EQ,13.0,13.0,13.0,12.8,12.95,12.95,12.97,751,973820000.0000001,9.0,750,0.9987
2012-11-27,PDUMJEPULP,EQ,12.95,12.95,13.0,12.5,12.95,12.95,12.76,9355,11937470000.0,26.0,7544,0.8064
2012-11-29,PDUMJEPULP,EQ,12.95,12.8,13.1,12.4,12.85,12.9,12.92,7101,9177305000.0,15.0,5150,0.7252
2012-11-30,PDUMJEPULP,EQ,12.9,13.25,13.25,13.25,13.25,13.25,13.25,325,430625000.0,3.0,325,1.0
2012-12-03,PDUMJEPULP,EQ,13.25,13.55,13.55,13.0,13.05,13.05,13.07,1400,1829505000.0,5.0,1400,1.0
2012-12-04,PDUMJEPULP,EQ,13.05,13.85,13.9,13.25,13.75,13.75,13.5,1016,1371635000.0,98.0,1003,0.9872
2012-12-05,PDUMJEPULP,EQ,13.75,13.6,14.0,13.1,13.65,13.45,13.49,3725,5026520000.0,87.0,3502,0.9401
2012-12-06,PDUMJEPULP,EQ,13.45,13.4,13.4,13.15,13.15,13.15,13.23,7574,10020910000.0,14.0,7574,1.0
2012-12-07,PDUMJEPULP,EQ,13.15,13.1,13.5,13.05,13.5,13.5,13.11,1619,2121850000.0,27.0,1001,0.6183
2012-12-10,PDUMJEPULP,EQ,13.5,13.15,13.3,13.1,13.1,13.1,13.13,2017,2648495000.0,41.0,1713,0.8493
2012-12-11,PDUMJEPULP,EQ,13.1,13.05,13.6,13.05,13.3,13.55,13.33,4028,5370530000.0,14.0,3625,0.9
2012-12-12,PDUMJEPULP,EQ,13.55,13.5,13.5,13.2,13.5,13.5,13.35,6245,8334270000.0,53.0,6242,0.9995
2012-12-13,PDUMJEPULP,EQ,13.5,13.25,13.85,13.25,13.85,13.85,13.42,1554,2084805000.0,11.0,1353,0.8706999999999999
2012-12-14,PDUMJEPULP,EQ,13.85,13.7,13.75,13.1,13.6,13.6,13.43,9754,13095635000.0,159.0,5630,0.5772
2012-12-17,PDUMJEPULP,EQ,13.6,13.65,13.85,13.55,13.85,13.75,13.68,1144,1564815000.0,15.0,1140,0.9965
2012-12-18,PDUMJEPULP,EQ,13.75,13.6,13.6,13.45,13.45,13.45,13.45,230,309370000.0,33.0,228,0.9913
2012-12-19,PDUMJEPULP,EQ,13.45,13.7,14.35,13.7,14.05,14.15,14.09,6754,9518290000.0,201.0,4212,0.6236
2012-12-20,PDUMJEPULP,EQ,14.15,14.4,14.4,13.8,13.9,13.95,13.96,1209,1687645000.0,12.0,1204,0.9959
2012-12-21,PDUMJEPULP,EQ,13.95,13.7,13.95,13.45,13.6,13.6,13.59,6533,8879435000.0,14.0,6500,0.9949
2012-12-24,PDUMJEPULP,EQ,13.6,13.5,14.75,13.5,13.7,13.7,14.04,8038,11281495000.0,90.0,6135,0.7632
2012-12-26,PDUMJEPULP,EQ,13.7,14.35,14.35,13.55,13.65,13.65,13.66,464,633660000.0,14.0,227,0.4892
2012-12-27,PDUMJEPULP,EQ,13.65,14.2,14.2,13.7,13.85,13.85,13.9,63,87595000.0,46.0,2,0.0317
2012-12-28,PDUMJEPULP,EQ,13.85,13.6,14.0,13.6,14.0,14.0,13.82,674,931195000.0000001,14.0,498,0.7389
2012-12-31,PDUMJEPULP,EQ,14.0,14.1,14.1,14.05,14.1,14.1,14.09,4049,5706590000.0,7.0,4049,1.0
2013-01-01,PDUMJEPULP,EQ,14.1,14.0,14.35,14.0,14.35,14.15,14.11,2521,3557869999.9999995,14.0,2519,0.9992000000000001
2013-01-02,PDUMJEPULP,EQ,14.15,14.15,14.35,14.15,14.2,14.25,14.24,3651,5200175000.0,9.0,3651,1.0
2013-01-03,PDUMJEPULP,EQ,14.25,14.0,14.95,14.0,14.4,14.4,14.36,6010,8631045000.0,61.0,5001,0.8321
2013-01-04,PDUMJEPULP,EQ,14.4,14.45,14.45,13.95,14.4,14.25,14.16,3889,5508120000.0,36.0,3253,0.8365
2013-01-07,PDUMJEPULP,EQ,14.25,14.1,14.65,14.1,14.5,14.5,14.45,3106,4487275000.0,15.0,3104,0.9994
2013-01-08,PDUMJEPULP,EQ,14.5,14.9,15.0,14.7,15.0,15.0,14.95,9829,14696750000.0,51.0,9116,0.9275
2013-01-09,PDUMJEPULP,EQ,15.0,14.95,15.5,14.95,15.5,15.45,15.2,5620,8543339999.999999,38.0,4609,0.8201
2013-01-10,PDUMJEPULP,EQ,15.45,15.4,15.6,14.3,15.3,15.05,15.33,9058,13881470000.000002,85.0,6908,0.7626000000000001
2013-01-11,PDUMJEPULP,EQ,15.05,14.8,15.45,14.5,15.1,15.1,14.99,609,913160000.0,66.0,542,0.89
2013-01-14,PDUMJEPULP,EQ,15.1,14.8,14.8,14.65,14.65,14.65,14.65,509,745715000.0,4.0,507,0.9961
2013-01-15,PDUMJEPULP,EQ,14.65,14.9,14.9,14.6,14.6,14.6,14.61,272,397350000.0,13.0,272,1.0
2013-01-16,PDUMJEPULP,EQ,14.6,14.45,14.5,14.1,14.5,14.5,14.5,1161,1683220000.0,13.0,1158,0.9974
2013-01-17,PDUMJEPULP,EQ,14.5,14.3,14.3,13.6,14.1,14.1,14.05,506,710870000.0,5.0,503,0.9941
2013-01-18,PDUMJEPULP,EQ,14.1,13.7,14.45,13.65,13.95,13.95,13.9,6657,9250870000.0,17.0,6450,0.9689
2013-01-21,PDUMJEPULP,EQ,13.95,14.1,14.5,13.9,14.0,14.0,14.26,5020,7157960000.000001,18.0,5013,0.9986
2013-01-22,PDUMJEPULP,EQ,14.0,13.9,14.3,13.5,13.7,13.75,13.73,4113,5648000000.0,29.0,3104,0.7547
2013-01-23,PDUMJEPULP,EQ,13.75,14.0,14.0,13.6,13.6,13.6,13.65,6348,8664550000.0,13.0,6346,0.9997
2013-01-24,PDUMJEPULP,EQ,13.6,13.5,14.9,12.65,14.2,14.2,14.05,15914,22353225000.0,202.0,11185,0.7028
2013-01-25,PDUMJEPULP,EQ,14.2,14.3,15.0,14.3,14.75,14.75,14.57,12041,17544415000.0,58.0,10529,0.8744
2013-01-28,PDUMJEPULP,EQ,14.75,15.2,15.3,14.55,14.9,14.7,14.73,15502,22840460000.0,77.0,13004,0.8389
2013-01-29,PDUMJEPULP,EQ,14.7,14.45,14.55,14.1,14.55,14.55,14.37,6,8620000.0,5.0,0,0.0
2013-01-30,PDUMJEPULP,EQ,14.55,14.3,14.85,14.1,14.1,14.15,14.17,4845,6864330000.0,52.0,3665,0.7564000000000001
2013-01-31,PDUMJEPULP,EQ,14.15,14.8,14.9,14.3,14.5,14.45,14.7,7341,10794835000.0,20.0,6325,0.8616
2013-02-01,PDUMJEPULP,EQ,14.45,14.45,14.45,14.45,14.45,14.45,14.45,50,72250000.0,1.0,50,1.0
2013-02-04,PDUMJEPULP,EQ,14.45,14.15,14.75,14.15,14.5,14.5,14.68,5200,7633000000.0,3.0,5200,1.0
2013-02-05,PDUMJEPULP,EQ,14.5,14.5,14.5,14.5,14.5,14.5,14.5,2449,3551050000.0,10.0,2449,1.0
2013-02-06,PDUMJEPULP,EQ,14.5,14.05,14.65,14.0,14.65,14.65,14.07,2466,3469705000.0000005,22.0,2000,0.8109999999999999
2013-02-07,PDUMJEPULP,EQ,14.65,14.4,14.75,13.8,14.65,14.65,14.43,5961,8604375000.0,44.0,3700,0.6207
2013-02-08,PDUMJEPULP,EQ,14.65,14.4,14.45,14.15,14.45,14.45,14.16,1052,1490080000.0,6.0,1002,0.9525
2013-02-11,PDUMJEPULP,EQ,14.45,14.3,14.3,13.6,13.75,13.75,13.89,1649,2290885000.0,20.0,1076,0.6525
2013-02-12,PDUMJEPULP,EQ,13.75,14.3,14.3,14.0,14.3,14.3,14.01,103,144260000.0,4.0,103,1.0
2013-02-13,PDUMJEPULP,EQ,14.3,14.2,14.2,14.2,14.2,14.2,14.2,1,1420000.0,1.0,1,1.0
2013-02-14,PDUMJEPULP,EQ,14.2,13.8,14.15,13.15,13.9,13.9,13.7,414,567260000.0,13.0,400,0.9662000000000001
2013-02-15,PDUMJEPULP,EQ,13.9,14.2,14.2,14.2,14.2,14.2,14.2,1,1420000.0,1.0,1,1.0
2013-02-18,PDUMJEPULP,EQ,14.2,13.75,14.2,13.75,14.2,14.2,13.94,19,26485000.000000004,15.0,8,0.42110000000000003
2013-02-19,PDUMJEPULP,EQ,14.2,14.3,14.3,13.7,13.7,13.7,13.81,2103,2905125000.0,25.0,2100,0.9986
2013-02-20,PDUMJEPULP,EQ,13.7,13.7,13.85,13.7,13.85,13.85,13.8,4050,5590000000.0,8.0,2900,0.716
2013-02-21,PDUMJEPULP,EQ,13.85,13.7,13.7,13.45,13.5,13.45,13.54,3238,4385270000.0,27.0,3015,0.9311
2013-02-22,PDUMJEPULP,EQ,13.45,13.5,13.75,13.5,13.75,13.75,13.53,1895,2563250000.0,8.0,1695,0.8945000000000001
2013-02-25,PDUMJEPULP,EQ,13.75,13.55,13.6,13.35,13.45,13.45,13.49,4717,6363030000.0,22.0,4712,0.9989
2013-02-26,PDUMJEPULP,EQ,13.45,13.15,13.65,13.1,13.65,13.65,13.54,22148,29978034999.999996,80.0,22060,0.996
2013-02-27,PDUMJEPULP,EQ,13.65,13.6,13.9,13.6,13.9,13.8,13.78,2796,3853000000.0,10.0,2448,0.8755
2013-02-28,PDUMJEPULP,EQ,13.8,13.55,13.55,13.45,13.45,13.45,13.48,1030,1388200000.0,8.0,1030,1.0
2013-03-01,PDUMJEPULP,EQ,13.45,14.3,14.3,13.1,13.5,13.5,13.3,470,625315000.0,9.0,403,0.8573999999999999
2013-03-04,PDUMJEPULP,EQ,13.5,13.5,13.5,13.5,13.5,13.5,13.5,1,1350000.0,1.0,1,1.0
2013-03-05,PDUMJEPULP,EQ,13.5,13.1,13.4,12.45,13.0,13.15,13.07,4800,6275490000.0,53.0,3817,0.7952
2013-03-06,PDUMJEPULP,EQ,13.15,13.5,13.5,13.25,13.45,13.45,13.39,3552,4757445000.0,12.0,3552,1.0
2013-03-07,PDUMJEPULP,EQ,13.45,13.5,13.5,13.05,13.05,13.25,13.35,4177,5576250000.0,23.0,4176,0.9998
2013-03-08,PDUMJEPULP,EQ,13.25,13.25,13.95,13.25,13.75,13.8,13.77,7859,10821255000.0,59.0,7550,0.9607
2013-03-11,PDUMJEPULP,EQ,13.8,14.0,14.0,13.5,13.75,13.8,13.71,2236,3065225000.0,26.0,1640,0.7334999999999999
2013-03-12,PDUMJEPULP,EQ,13.8,13.5,13.5,13.25,13.25,13.25,13.38,18,24075000.0,9.0,11,0.6111
2013-03-13,PDUMJEPULP,EQ,13.25,13.5,13.5,12.5,12.8,12.8,13.02,15800,20570140000.0,82.0,11000,0.6962
2013-03-14,PDUMJEPULP,EQ,12.8,13.2,13.2,12.6,12.6,12.6,12.6,903,1137885000.0,7.0,901,0.9978
2013-03-15,PDUMJEPULP,EQ,12.6,12.8,13.55,12.55,13.55,12.8,12.66,846,1070695000.0000001,28.0,664,0.7848999999999999
2013-03-18,PDUMJEPULP,EQ,12.8,13.0,13.0,12.0,12.4,12.1,12.39,6861,8497985000.000001,24.0,4752,0.6926000000000001
2013-03-19,PDUMJEPULP,EQ,12.1,12.2,12.75,11.9,12.6,12.6,12.27,5923,7267664999.999999,68.0,4023,0.6792
2013-03-20,PDUMJEPULP,EQ,12.6,12.75,12.75,12.0,12.15,12.3,12.28,7007,8605795000.0,634.0,5062,0.7223999999999999
2013-03-21,PDUMJEPULP,EQ,12.3,12.35,12.35,11.75,11.8,11.95,12.03,2206,2653340000.0,62.0,2195,0.995
2013-03-22,PDUMJEPULP,EQ,11.95,11.6,12.35,11.6,12.35,11.7,11.76,3476,4088735000.0,72.0,2849,0.8196
2013-03-25,PDUMJEPULP,EQ,11.7,11.35,11.35,10.5,10.5,10.95,11.1,3209,3560769999.9999995,1264.0,2792,0.8701000000000001
2013-03-26,PDUMJEPULP,EQ,10.95,10.65,11.0,10.35,11.0,10.7,10.56,1973,2084415000.0000002,66.0,1845,0.9351
2013-03-28,PDUMJEPULP,EQ,10.7,10.8,11.4,10.8,11.4,11.05,11.06,1360,1503565000.0,283.0,1360,1.0
2013-04-01,PDUMJEPULP,EQ,11.05,12.7,12.7,12.7,12.7,12.7,12.7,1,1270000.0,1.0,1,1.0
2013-04-02,PDUMJEPULP,EQ,12.7,12.0,12.75,11.65,11.85,11.75,11.77,6383,7510710000.000001,38.0,4690,0.7348
2013-04-03,PDUMJEPULP,EQ,11.75,11.55,12.5,11.55,11.6,11.65,11.76,10549,12410635000.0,59.0,6947,0.6585
2013-04-04,PDUMJEPULP,EQ,11.65,11.25,11.75,11.1,11.35,11.2,11.23,2831,3180220000.0,42.0,1312,0.46340000000000003
2013-04-05,PDUMJEPULP,EQ,11.2,10.8,11.5,10.8,11.0,11.0,11.05,7097,7840025000.0,62.0,5000,0.7045
2013-04-08,PDUMJEPULP,EQ,11.0,11.4,11.4,11.4,11.4,11.4,11.4,2,2280000.0,2.0,1,0.5
2013-04-09,PDUMJEPULP,EQ,11.4,10.75,10.75,10.75,10.75,10.75,10.75,319,342925000.0,5.0,101,0.3166
2013-04-10,PDUMJEPULP,EQ,10.75,10.25,10.6,10.15,10.6,10.6,10.27,1957,2010180000.0,15.0,1316,0.6725
2013-04-11,PDUMJEPULP,EQ,10.6,10.35,10.75,10.2,10.3,10.4,10.45,3365,3517030000.0000005,20.0,2663,0.7914
2013-04-12,PDUMJEPULP,EQ,10.4,10.7,11.45,10.55,11.0,11.0,10.83,1791,1940005000.0,37.0,1535,0.8571
2013-04-15,PDUMJEPULP,EQ,11.0,11.4,11.9,11.4,11.85,11.85,11.86,6617,7848700000.0,18.0,5217,0.7884000000000001
2013-04-16,PDUMJEPULP,EQ,11.85,12.0,12.0,12.0,12.0,12.0,12.0,3,3600000.0,3.0,2,0.6667000000000001
2013-04-17,PDUMJEPULP,EQ,12.0,11.65,11.65,10.5,10.5,10.7,11.14,1385,1542220000.0,24.0,1107,0.7993000000000001
2013-04-18,PDUMJEPULP,EQ,10.7,10.7,11.0,9.9,10.05,10.05,10.73,8784,9422380000.0,86.0,8144,0.9270999999999999
2013-04-22,PDUMJEPULP,EQ,10.05,10.85,11.65,9.85,10.4,10.4,10.92,1437,1569260000.0,38.0,699,0.4864
2013-04-23,PDUMJEPULP,EQ,10.4,9.8,10.5,9.8,10.0,10.45,10.44,34,35480000.0,11.0,30,0.8824
2013-04-25,PDUMJEPULP,EQ,10.45,11.0,11.0,10.3,10.35,10.35,10.63,2836,3015010000.0,110.0,2774,0.9781000000000001
2013-04-26,PDUMJEPULP,EQ,10.35,10.0,10.05,9.45,10.0,10.0,9.88,4506,4450245000.0,87.0,3301,0.7326
2013-04-29,PDUMJEPULP,EQ,10.0,9.1,10.05,9.1,10.05,10.0,9.77,1750,1709425000.0,13.0,1710,0.9771
2013-04-30,PDUMJEPULP,EQ,10.0,10.0,10.0,9.95,10.0,10.0,9.97,980,976850000.0,8.0,880,0.898
2013-05-02,PDUMJEPULP,EQ,10.0,9.7,9.95,9.1,9.7,9.7,9.64,2075,2001095000.0,34.0,1962,0.9455
2013-05-03,PDUMJEPULP,EQ,9.7,9.55,10.1,9.55,10.1,10.1,9.9,1080,1068770000.0000001,6.0,1080,1.0
2013-05-06,PDUMJEPULP,EQ,10.1,9.8,10.2,9.8,10.2,10.2,9.84,550,541000000.0,3.0,500,0.9091
2013-05-07,PDUMJEPULP,EQ,10.2,10.2,11.0,10.2,10.45,10.45,10.33,798,823960000.0,9.0,798,1.0
2013-05-08,PDUMJEPULP,EQ,10.45,10.3,10.95,10.25,10.95,10.95,10.59,1853,1962175000.0,10.0,1853,1.0
2013-05-09,PDUMJEPULP,EQ,10.95,10.65,10.75,10.2,10.55,10.55,10.45,6855,7160260000.000001,33.0,5791,0.8448000000000001
2013-05-10,PDUMJEPULP,EQ,10.55,10.7,11.45,10.7,11.45,11.45,11.22,9213,10334820000.0,47.0,7103,0.7709999999999999
2013-05-13,PDUMJEPULP,EQ,11.45,11.2,11.2,10.75,10.9,10.9,10.99,250,274780000.0,8.0,249,0.996
2013-05-14,PDUMJEPULP,EQ,10.9,10.6,10.9,10.6,10.9,10.9,10.78,1750,1886500000.0,19.0,1750,1.0
2013-05-15,PDUMJEPULP,EQ,10.9,11.0,11.0,10.5,10.5,10.5,10.61,602,638605000.0,8.0,600,0.9967
2013-05-16,PDUMJEPULP,EQ,10.5,10.3,11.15,9.4,10.4,10.4,10.47,7451,7797995000.0,21.0,7248,0.9728
2013-05-17,PDUMJEPULP,EQ,10.4,10.3,10.8,10.05,10.3,10.3,10.46,3584,3748210000.0,20.0,3004,0.8382
2013-05-20,PDUMJEPULP,EQ,10.3,10.35,10.95,10.35,10.95,10.95,10.64,3550,3778475000.0,11.0,3550,1.0
2013-05-21,PDUMJEPULP,EQ,10.95,10.85,11.05,10.4,10.9,10.9,10.9,4254,4637140000.0,16.0,4253,0.9998
2013-05-22,PDUMJEPULP,EQ,10.9,11.0,11.05,10.9,11.05,11.05,10.93,3501,3828105000.0000005,8.0,3501,1.0
2013-05-23,PDUMJEPULP,EQ,11.05,11.05,11.5,10.9,11.5,11.4,11.06,10620,11750860000.0,44.0,8722,0.8212999999999999
2013-05-24,PDUMJEPULP,EQ,11.4,11.0,13.2,11.0,13.2,12.3,12.23,19845,24272655000.0,137.0,17278,0.8706
2013-05-27,PDUMJEPULP,EQ,12.3,12.5,13.95,12.5,13.85,13.6,13.21,10894,14391685000.0,186.0,7144,0.6558
2013-05-28,PDUMJEPULP,EQ,13.6,13.15,13.85,13.15,13.85,13.75,13.52,6520,8813475000.0,280.0,3866,0.5929
2013-05-29,PDUMJEPULP,EQ,13.75,13.45,13.5,13.05,13.45,13.45,13.35,2307,3078850000.0,40.0,1899,0.8231
2013-05-30,PDUMJEPULP,EQ,13.45,13.3,13.45,13.0,13.45,13.4,13.35,1962,2618310000.0,21.0,1961,0.9995
2013-05-31,PDUMJEPULP,EQ,13.4,13.2,13.35,12.25,13.0,13.0,12.86,5919,7611520000.0,37.0,4450,0.7518000000000001
2013-06-03,PDUMJEPULP,EQ,13.0,13.4,13.4,13.0,13.0,13.0,13.0,438,569440000.0,4.0,437,0.9977
2013-06-04,PDUMJEPULP,EQ,13.0,12.75,13.0,12.75,13.0,13.0,12.86,1314,1689450000.0,4.0,1314,1.0
2013-06-05,PDUMJEPULP,EQ,13.0,13.1,13.55,13.1,13.1,13.1,13.12,2392,3137195000.0,10.0,2192,0.9164
2013-06-06,PDUMJEPULP,EQ,13.1,12.9,13.4,12.6,13.4,13.3,13.01,2312,3008760000.0,225.0,1870,0.8088
2013-06-07,PDUMJEPULP,EQ,13.3,13.15,14.1,13.15,13.75,13.9,13.84,10052,13911275000.0,34.0,7046,0.701
2013-06-10,PDUMJEPULP,EQ,13.9,14.0,14.0,13.4,13.8,13.65,13.58,883,1199530000.0,11.0,102,0.1155
2013-06-11,PDUMJEPULP,EQ,13.65,13.45,13.5,12.65,13.5,13.5,13.28,3621,4807355000.0,71.0,3071,0.8481000000000001
2013-06-12,PDUMJEPULP,EQ,13.5,12.75,13.45,12.75,13.2,13.15,13.4,1745,2337940000.0,40.0,1623,0.9301
2013-06-13,PDUMJEPULP,EQ,13.15,13.15,13.15,11.25,12.2,12.2,11.9,1981,2356785000.0,42.0,1393,0.7031999999999999
2013-06-14,PDUMJEPULP,EQ,12.2,12.05,12.05,11.6,12.0,12.0,11.99,2267,2717680000.0,18.0,2258,0.996
2013-06-17,PDUMJEPULP,EQ,12.0,11.75,11.75,11.55,11.55,11.55,11.56,502,580085000.0,5.0,500,0.996
2013-06-18,PDUMJEPULP,EQ,11.55,11.45,11.95,11.35,11.5,11.5,11.5,1148,1320220000.0,19.0,1134,0.9878
2013-06-19,PDUMJEPULP,EQ,11.5,12.35,12.35,11.75,11.75,11.75,11.78,696,819860000.0,11.0,688,0.9884999999999999
2013-06-20,PDUMJEPULP,EQ,11.75,12.3,12.3,12.3,12.3,12.3,12.3,1,1230000.0,1.0,1,1.0
2013-06-21,PDUMJEPULP,EQ,12.3,12.0,12.0,11.05,11.15,11.2,11.29,546,616445000.0,33.0,327,0.5989
2013-06-24,PDUMJEPULP,EQ,11.2,10.9,10.9,9.5,10.4,10.35,9.95,5142,5117410000.0,96.0,4000,0.7779
2013-06-25,PDUMJEPULP,EQ,10.35,10.4,10.4,10.2,10.4,10.4,10.39,3002,3118080000.0,10.0,2802,0.9334
2013-06-26,PDUMJEPULP,EQ,10.4,10.1,11.5,10.1,10.2,10.2,10.26,5878,6030590000.0,40.0,5372,0.9139
2013-06-27,PDUMJEPULP,EQ,10.2,10.0,10.4,10.0,10.4,10.4,10.23,3075,3145080000.0,9.0,3075,1.0
2013-06-28,PDUMJEPULP,EQ,10.4,10.3,10.65,10.3,10.65,10.4,10.39,3601,3742015000.0,15.0,3100,0.8609
2013-07-01,PDUMJEPULP,EQ,10.4,10.65,10.7,10.4,10.4,10.4,10.48,1960,2054695000.0,7.0,1760,0.898
2013-07-02,PDUMJEPULP,EQ,10.4,10.85,10.85,10.85,10.85,10.85,10.85,1,1085000.0,1.0,1,1.0
2013-07-03,PDUMJEPULP,EQ,10.85,10.85,10.85,10.2,10.25,10.2,10.21,1028,1049895000.0000001,8.0,1025,0.9971
2013-07-04,PDUMJEPULP,EQ,10.2,10.0,10.5,10.0,10.2,10.3,10.33,1304,1347490000.0,25.0,1283,0.9839
2013-07-05,PDUMJEPULP,EQ,10.3,10.95,10.95,10.5,10.5,10.5,10.56,577,609080000.0,78.0,505,0.8752
2013-07-10,PDUMJEPULP,EQ,10.5,12.0,12.0,9.25,9.25,9.25,9.3,51,47450000.0,2.0,51,1.0
2013-07-11,PDUMJEPULP,EQ,9.25,7.4,10.75,7.4,10.75,10.75,10.19,60,61150000.0,2.0,50,0.8333
2013-07-12,PDUMJEPULP,EQ,10.75,10.7,10.7,10.05,10.05,10.05,10.05,501,503570000.0,2.0,501,1.0
2013-07-18,PDUMJEPULP,EQ,10.05,11.0,11.5,10.5,10.5,10.5,11.42,840,959000000.0,6.0,790,0.9405
2013-07-22,PDUMJEPULP,EQ,10.5,10.5,10.5,10.5,10.5,10.5,10.5,5,5250000.0,1.0,5,1.0
2013-07-23,PDUMJEPULP,EQ,10.5,8.75,8.75,8.75,8.75,8.75,8.75,287,251125000.0,2.0,287,1.0
2013-07-29,PDUMJEPULP,EQ,8.75,10.5,10.5,10.5,10.5,10.5,10.5,25,26250000.0,1.0,25,1.0
2013-08-06,PDUMJEPULP,EQ,10.5,10.0,10.0,10.0,10.0,10.0,10.0,500,500000000.0,1.0,500,1.0
2013-08-13,PDUMJEPULP,EQ,10.0,9.6,9.6,9.6,9.6,9.6,9.6,3700,3552000000.0,8.0,3700,1.0
2013-09-10,PDUMJEPULP,EQ,9.6,9.25,9.25,9.25,9.25,9.25,9.25,80,74000000.0,2.0,80,1.0
2013-09-11,PDUMJEPULP,EQ,9.25,9.5,9.5,8.45,8.45,8.45,9.5,502,476689999.99999994,3.0,500,0.996
2013-09-16,PDUMJEPULP,EQ,8.45,9.25,9.25,9.25,9.25,9.25,9.25,2331354,2156502450000.0,13.0,2331354,1.0
2013-09-25,PDUMJEPULP,EQ,9.25,10.15,10.15,10.15,10.15,10.15,10.15,5,5075000.0,1.0,5,1.0
2013-09-27,PDUMJEPULP,EQ,10.15,10.05,10.5,10.05,10.5,10.5,10.05,501,503550000.0,3.0,500,0.998
2013-10-08,PDUMJEPULP,EQ,10.5,9.45,9.45,9.45,9.45,9.45,9.45,300,283500000.0,2.0,300,1.0
2013-10-09,PDUMJEPULP,EQ,9.45,10.05,10.05,10.05,10.05,10.05,10.05,500,502500000.0,4.0,500,1.0
2013-10-11,PDUMJEPULP,EQ,10.05,10.5,10.5,10.5,10.5,10.5,10.5,417,437850000.0,2.0,417,1.0
2013-10-14,PDUMJEPULP,EQ,10.5,9.5,9.5,9.5,9.5,9.5,9.5,60,57000000.0,2.0,60,1.0
2013-10-18,PDUMJEPULP,EQ,9.5,9.5,9.5,8.55,8.55,8.55,9.5,201,190855000.0,3.0,200,0.995
2013-10-21,PDUMJEPULP,EQ,8.55,9.4,9.4,9.3,9.3,9.3,9.39,1800,1691000000.0,4.0,1800,1.0
2013-10-24,PDUMJEPULP,EQ,9.3,10.2,10.2,10.2,10.2,10.2,10.2,500,510000000.0,1.0,500,1.0
2013-10-25,PDUMJEPULP,EQ,10.2,10.0,10.0,10.0,10.0,10.0,10.0,500,500000000.0,2.0,500,1.0
2013-10-28,PDUMJEPULP,EQ,10.0,10.5,10.5,10.5,10.5,10.5,10.5,100,105000000.0,2.0,100,1.0
2013-10-29,PDUMJEPULP,EQ,10.5,11.0,11.0,11.0,11.0,11.0,11.0,700,770000000.0,1.0,700,1.0
2013-10-31,PDUMJEPULP,EQ,11.0,11.0,11.0,10.5,10.5,10.5,10.75,200,215019999.99999997,5.0,101,0.505
2013-11-01,PDUMJEPULP,EQ,10.5,10.4,10.4,10.2,10.2,10.2,10.27,1498,1537920000.0,4.0,1498,1.0
2013-11-03,PDUMJEPULP,EQ,10.2,10.2,10.2,10.2,10.2,10.2,10.2,1150,1173000000.0,3.0,1150,1.0
2013-11-05,PDUMJEPULP,EQ,10.2,10.0,10.2,10.0,10.2,10.2,10.03,2204,2210340000.0,9.0,1887,0.8562000000000001
2013-11-06,PDUMJEPULP,EQ,10.2,10.2,10.5,10.2,10.35,10.35,10.42,204,212594999.99999997,6.0,203,0.9951000000000001
2013-11-08,PDUMJEPULP,EQ,10.35,10.1,10.1,10.1,10.1,10.1,10.1,1000,1010000000.0,1.0,1000,1.0
2013-11-11,PDUMJEPULP,EQ,10.1,10.1,10.1,10.1,10.1,10.1,10.1,1000,1010000000.0,2.0,1000,1.0
2013-11-12,PDUMJEPULP,EQ,10.1,10.0,10.0,10.0,10.0,10.0,10.0,20,20000000.0,2.0,20,1.0
2013-11-13,PDUMJEPULP,EQ,10.0,10.0,10.0,10.0,10.0,10.0,10.0,100,100000000.0,2.0,100,1.0
2013-11-20,PDUMJEPULP,EQ,10.0,9.75,9.75,9.75,9.75,9.75,9.75,500,487500000.0,2.0,500,1.0
2013-11-21,PDUMJEPULP,EQ,9.75,10.2,10.2,10.2,10.2,10.2,10.2,300,306000000.0,1.0,300,1.0
2013-11-22,PDUMJEPULP,EQ,10.2,10.5,10.5,10.5,10.5,10.5,10.5,500,525000000.0,2.0,500,1.0
2013-11-25,PDUMJEPULP,EQ,10.5,10.05,10.05,10.05,10.05,10.05,10.05,1,1005000.0000000001,1.0,0,0.0
2013-11-26,PDUMJEPULP,EQ,10.05,10.55,10.55,10.55,10.55,10.55,10.55,1200,1266000000.0,3.0,1200,1.0
2013-11-27,PDUMJEPULP,EQ,10.55,10.05,11.0,10.05,11.0,11.0,10.93,6502,7104510000.000001,5.0,6050,0.9305
2013-11-28,PDUMJEPULP,EQ,11.0,10.45,10.45,10.45,10.45,10.45,10.45,5,5225000.0,1.0,5,1.0
2013-11-29,PDUMJEPULP,EQ,10.45,9.95,9.95,9.95,9.95,9.95,9.95,399,397005000.0,2.0,399,1.0
2013-12-03,PDUMJEPULP,EQ,9.95,10.0,10.4,10.0,10.4,10.4,10.0,2000,2000040000.0000002,2.0,1999,0.9995
2013-12-04,PDUMJEPULP,EQ,10.4,10.4,10.4,10.4,10.4,10.4,10.4,6899,7174960000.000001,5.0,6899,1.0
2013-12-10,PDUMJEPULP,EQ,10.4,10.9,10.9,10.1,10.1,10.1,10.9,7005,7635050000.0,5.0,7005,1.0
2013-12-11,PDUMJEPULP,EQ,10.1,10.6,10.6,10.6,10.6,10.6,10.6,3400,3604000000.0,4.0,3400,1.0
2013-12-12,PDUMJEPULP,EQ,10.6,11.1,11.1,11.0,11.0,11.0,11.09,1200,1331000000.0,3.0,1200,1.0
2013-12-13,PDUMJEPULP,EQ,11.0,11.55,11.55,11.55,11.55,11.55,11.55,1000,1155000000.0,2.0,500,0.5
2013-12-16,PDUMJEPULP,EQ,11.55,11.45,11.9,11.45,11.9,11.9,11.45,955,1093700000.0,2.0,955,1.0
2013-12-17,PDUMJEPULP,EQ,11.9,11.35,11.5,11.35,11.5,11.5,11.41,1613,1840490000.0000002,7.0,964,0.5976
2013-12-18,PDUMJEPULP,EQ,11.5,12.05,12.05,12.05,12.05,12.05,12.05,17109,20616345000.0,5.0,17109,1.0
2013-12-19,PDUMJEPULP,EQ,12.05,12.05,12.4,12.05,12.4,12.4,12.21,1996,2436120000.0,10.0,1724,0.8637
2013-12-20,PDUMJEPULP,EQ,12.4,11.8,11.8,11.8,11.8,11.8,11.8,5,5900000.0,1.0,5,1.0
2013-12-23,PDUMJEPULP,EQ,11.8,12.0,12.0,11.25,11.25,11.25,11.49,317,364200000.0,6.0,310,0.9779000000000001
2013-12-24,PDUMJEPULP,EQ,11.25,11.8,11.8,11.55,11.55,11.55,11.59,3225,3738000000.0,7.0,3225,1.0
2013-12-26,PDUMJEPULP,EQ,11.55,12.0,12.0,11.95,11.95,11.95,11.95,243,290460000.0,3.0,243,1.0
2013-12-27,PDUMJEPULP,EQ,11.95,12.4,12.4,11.9,12.35,12.35,12.35,2955,3649025000.0,4.0,2945,0.9966
2013-12-30,PDUMJEPULP,EQ,12.35,12.7,12.85,12.7,12.85,12.85,12.83,1458,1870470000.0,4.0,1458,1.0
2013-12-31,PDUMJEPULP,EQ,12.85,13.4,13.4,12.8,13.25,13.25,13.03,2678,3489400000.0,11.0,2663,0.9944
2014-01-01,PDUMJEPULP,EQ,13.25,13.3,13.5,13.0,13.0,13.0,13.13,2548,3345650000.0,11.0,1749,0.6864
2014-01-02,PDUMJEPULP,EQ,13.0,13.5,13.5,13.0,13.45,13.45,13.45,6025,8103250000.0,8.0,6025,1.0
2014-01-03,PDUMJEPULP,EQ,13.45,13.5,13.7,13.5,13.6,13.6,13.53,6343,8580989999.999999,14.0,5449,0.8591
2014-01-06,PDUMJEPULP,EQ,13.6,14.25,14.25,13.55,14.25,14.25,14.12,10931,15436675000.0,21.0,9431,0.8628
2014-01-07,PDUMJEPULP,EQ,14.25,14.25,14.25,14.25,14.25,14.25,14.25,8125,11578125000.0,12.0,6125,0.7538
2014-01-08,PDUMJEPULP,EQ,14.25,13.6,14.0,13.6,14.0,14.0,13.96,3825,5339000000.0,9.0,3825,1.0
2014-01-09,PDUMJEPULP,EQ,14.0,13.35,13.55,13.35,13.5,13.5,13.43,7605,10216050000.0,9.0,6555,0.8619
2014-01-10,PDUMJEPULP,EQ,13.5,13.5,13.5,13.5,13.5,13.5,13.5,2,2700000.0,2.0,2,1.0
2014-01-13,PDUMJEPULP,EQ,13.5,12.85,13.3,12.85,13.2,13.2,12.93,2691,3480719999.9999995,26.0,2689,0.9993000000000001
2014-01-14,PDUMJEPULP,EQ,13.2,13.1,13.6,12.65,13.55,13.4,13.3,3563,4739370000.0,144.0,3405,0.9557
2014-01-15,PDUMJEPULP,EQ,13.4,12.85,13.45,12.75,13.45,13.3,13.27,4101,5440575000.0,19.0,2601,0.6342
2014-01-16,PDUMJEPULP,EQ,13.3,13.85,13.85,12.7,13.15,13.15,13.81,6210,8577660000.000001,12.0,6200,0.9984000000000001
2014-01-17,PDUMJEPULP,EQ,13.15,12.95,13.65,12.65,13.0,13.35,13.34,29291,39064590000.0,331.0,15937,0.5441
2014-01-20,PDUMJEPULP,EQ,13.35,13.65,13.65,12.8,12.8,12.8,13.05,4249,5545515000.0,37.0,2210,0.5201
2014-01-21,PDUMJEPULP,EQ,12.8,13.4,13.4,12.4,12.4,12.75,13.02,8871,11552785000.0,453.0,4284,0.4829
2014-01-22,PDUMJEPULP,EQ,12.75,13.0,13.0,12.35,12.4,12.45,12.44,1713,2130830000.0,32.0,1530,0.8932
2014-01-23,PDUMJEPULP,EQ,12.45,12.95,13.0,12.3,12.8,12.8,12.57,870,1093710000.0,30.0,820,0.9425
2014-01-24,PDUMJEPULP,EQ,12.8,12.35,12.35,12.2,12.2,12.25,12.29,503,618180000.0,18.0,503,1.0
2014-01-27,PDUMJEPULP,EQ,12.25,11.65,12.0,11.65,11.7,11.7,11.85,2263,2680720000.0,14.0,1963,0.8674
2014-01-28,PDUMJEPULP,EQ,11.7,11.55,11.85,11.5,11.5,11.5,11.55,2793,3224570000.0,8.0,2792,0.9995999999999999
2014-01-29,PDUMJEPULP,EQ,11.5,11.35,11.35,11.15,11.15,11.15,11.34,108,122520000.0,5.0,104,0.963
2014-01-30,PDUMJEPULP,EQ,11.15,11.1,11.1,10.75,11.0,10.85,10.99,208,228685000.0,9.0,203,0.976
2014-01-31,PDUMJEPULP,EQ,10.85,10.4,10.6,10.35,10.35,10.4,10.47,3253,3407455000.0000005,76.0,3091,0.9501999999999999
2014-02-03,PDUMJEPULP,EQ,10.4,10.5,10.5,10.1,10.5,10.45,10.49,1081,1133430000.0,47.0,1045,0.9667
2014-02-04,PDUMJEPULP,EQ,10.45,10.5,10.85,10.0,10.2,10.2,10.31,330,340280000.0,10.0,289,0.8758
2014-02-05,PDUMJEPULP,EQ,10.2,9.9,10.35,9.9,10.35,10.35,9.91,1015,1005525000.0,2.0,1000,0.9852
2014-02-06,PDUMJEPULP,EQ,10.35,10.4,10.4,10.4,10.4,10.4,10.4,1,1040000.0,1.0,0,0.0
2014-02-10,PDUMJEPULP,EQ,10.4,10.2,10.2,10.15,10.15,10.15,10.15,1550,1573255000.0,13.0,1550,1.0
2014-02-11,PDUMJEPULP,EQ,10.15,10.35,10.35,9.95,9.95,9.95,10.01,1300,1301000000.0,5.0,1200,0.9231
2014-02-12,PDUMJEPULP,EQ,9.95,10.1,10.1,10.05,10.05,10.05,10.08,1450,1462250000.0,2.0,1450,1.0
2014-02-13,PDUMJEPULP,EQ,10.05,10.05,10.55,10.05,10.55,10.35,10.4,6684,6948285000.000001,81.0,6075,0.9089
2014-02-14,PDUMJEPULP,EQ,10.35,10.6,10.6,9.85,10.2,10.2,10.0,5806,5807145000.0,26.0,4510,0.7768
2014-02-17,PDUMJEPULP,EQ,10.2,10.25,10.25,9.85,9.85,9.85,9.92,350,347260000.0,5.0,300,0.8571
2014-02-18,PDUMJEPULP,EQ,9.85,9.75,9.8,9.5,9.8,9.8,9.62,1202,1156565000.0,12.0,1000,0.8319
2014-02-19,PDUMJEPULP,EQ,9.8,9.55,10.25,9.55,10.25,10.25,9.66,203,196075000.0,7.0,102,0.5025000000000001
2014-02-20,PDUMJEPULP,EQ,10.25,10.0,10.0,9.85,9.85,9.9,9.96,2000,1992500000.0,3.0,2000,1.0
2014-02-21,PDUMJEPULP,EQ,9.9,9.9,10.35,9.9,10.35,10.35,10.02,1776,1779490000.0000002,38.0,1611,0.9070999999999999
2014-02-24,PDUMJEPULP,EQ,10.35,10.35,10.35,10.35,10.35,10.35,10.35,1,1035000.0,1.0,1,1.0
2014-02-25,PDUMJEPULP,EQ,10.35,10.5,10.85,10.5,10.85,10.8,10.82,121,130934999.99999999,12.0,114,0.9420999999999999
2014-02-28,PDUMJEPULP,EQ,10.8,10.3,11.3,10.3,11.3,11.3,11.07,16469,18224425000.0,49.0,15454,0.9384
2014-03-03,PDUMJEPULP,EQ,11.3,11.65,11.85,11.6,11.85,11.85,11.84,5987,7087525000.0,15.0,5987,1.0
2014-03-04,PDUMJEPULP,EQ,11.85,11.5,12.4,11.5,12.4,12.4,12.24,3916,4791340000.0,58.0,3660,0.9346
2014-03-05,PDUMJEPULP,EQ,12.4,12.5,13.0,12.5,13.0,13.0,12.9,46169,59548769999.99999,344.0,38838,0.8412000000000001
2014-03-06,PDUMJEPULP,EQ,13.0,13.05,13.65,12.5,13.65,13.65,13.44,10598,14246540000.0,43.0,10241,0.9662999999999999
2014-03-07,PDUMJEPULP,EQ,13.65,14.05,14.1,13.05,13.9,13.6,13.38,10088,13497570000.000002,97.0,6146,0.6092000000000001
2014-03-10,PDUMJEPULP,EQ,13.6,13.05,13.4,12.95,13.0,13.0,13.0,1119,1455125000.0,11.0,1111,0.9929000000000001
2014-03-11,PDUMJEPULP,EQ,13.0,12.65,12.65,12.35,12.35,12.35,12.5,1221,1525715000.0,12.0,1220,0.9992000000000001
2014-03-12,PDUMJEPULP,EQ,12.35,11.75,11.75,11.75,11.75,11.75,11.75,3001,3526175000.0,6.0,3001,1.0
2014-03-13,PDUMJEPULP,EQ,11.75,11.2,11.95,11.2,11.2,11.2,11.26,4361,4908800000.0,19.0,4050,0.9287000000000001
2014-03-14,PDUMJEPULP,EQ,11.2,10.9,11.1,10.65,10.65,10.65,10.91,3841,4188910000.0,61.0,3786,0.9856999999999999
2014-03-18,PDUMJEPULP,EQ,10.65,11.0,11.0,10.8,10.8,10.8,10.93,536,585595000.0,8.0,536,1.0
2014-03-19,PDUMJEPULP,EQ,10.8,10.65,11.0,10.65,10.85,10.65,10.7,2314,2476440000.0,14.0,2111,0.9123000000000001
2014-03-20,PDUMJEPULP,EQ,10.65,10.7,10.7,10.55,10.55,10.65,10.66,2988,3186360000.0,19.0,2988,1.0
2014-03-21,PDUMJEPULP,EQ,10.65,10.9,10.9,10.9,10.9,10.9,10.9,1,1090000.0,1.0,1,1.0
2014-03-22,PDUMJEPULP,EQ,10.9,11.0,11.0,10.4,10.7,10.55,10.7,3,3210000.0,3.0,1,0.3333
2014-03-24,PDUMJEPULP,EQ,10.55,10.15,10.8,10.15,10.8,10.8,10.15,1201,1219580000.0,6.0,1150,0.9575
2014-03-25,PDUMJEPULP,EQ,10.8,10.3,10.5,10.3,10.5,10.5,10.31,672,692600000.0,18.0,650,0.9673
2014-03-26,PDUMJEPULP,EQ,10.5,10.05,10.5,10.0,10.0,10.0,10.27,8981,9219975000.0,47.0,7071,0.7873000000000001
2014-03-27,PDUMJEPULP,EQ,10.0,10.15,10.5,10.15,10.45,10.45,10.42,2803,2920560000.0,13.0,2803,1.0
2014-03-28,PDUMJEPULP,EQ,10.45,10.5,10.95,10.45,10.95,10.85,10.78,2430,2619565000.0,11.0,2430,1.0
2014-03-31,PDUMJEPULP,EQ,10.85,11.0,11.25,11.0,11.25,11.25,11.14,1607,1790745000.0,8.0,1607,1.0
2014-04-01,PDUMJEPULP,EQ,11.25,11.75,11.75,11.45,11.55,11.5,11.51,40,46025000.0,5.0,20,0.5
2014-04-02,PDUMJEPULP,EQ,11.5,11.15,11.15,11.15,11.15,11.15,11.15,250,278750000.0,2.0,250,1.0
2014-04-03,PDUMJEPULP,EQ,11.15,10.75,11.65,10.7,11.65,11.65,11.28,1578,1780205000.0,11.0,1476,0.9354000000000001
2014-04-04,PDUMJEPULP,EQ,11.65,11.5,12.0,11.5,12.0,11.5,11.5,34688,39907040000.0,14.0,34488,0.9942000000000001
2014-04-07,PDUMJEPULP,EQ,11.5,11.2,12.05,11.2,12.05,12.05,11.92,7638,9105185000.0,25.0,6138,0.8036
2014-04-09,PDUMJEPULP,EQ,12.05,12.5,12.65,12.0,12.25,12.25,12.39,8104,10044520000.0,23.0,6526,0.8053
2014-04-10,PDUMJEPULP,EQ,12.25,12.7,12.7,11.75,12.0,12.0,11.97,9457,11316975000.0,27.0,9265,0.9797
2014-04-11,PDUMJEPULP,EQ,12.0,11.4,12.55,11.4,12.4,12.4,12.16,10849,13193325000.0,19.0,9824,0.9055
2014-04-15,PDUMJEPULP,EQ,12.4,12.1,12.4,12.1,12.4,12.3,12.31,960,1181975000.0,14.0,925,0.9634999999999999
2014-04-16,PDUMJEPULP,EQ,12.3,12.8,12.8,11.8,12.5,12.5,11.98,333,398840000.0,10.0,308,0.9248999999999999
2014-04-17,PDUMJEPULP,EQ,12.5,13.0,13.0,11.9,12.45,12.45,12.02,867,1042375000.0,13.0,785,0.9054000000000001
2014-04-21,PDUMJEPULP,EQ,12.45,11.9,12.35,11.85,12.0,12.0,11.98,1872,2242025000.0,29.0,1650,0.8814000000000001
2014-04-22,PDUMJEPULP,EQ,12.0,12.0,12.45,11.9,11.9,11.9,11.95,3075,3675050000.0,20.0,2910,0.9462999999999999
2014-04-23,PDUMJEPULP,EQ,11.9,12.3,12.3,11.5,11.7,11.6,11.78,4077,4804230000.0,19.0,3102,0.7609
2014-04-25,PDUMJEPULP,EQ,11.6,11.6,11.85,11.15,11.15,11.2,11.38,7100,8076730000.0,20.0,5807,0.8179000000000001
2014-04-28,PDUMJEPULP,EQ,11.2,10.75,11.55,10.75,11.55,11.55,10.82,1100,1190500000.0,3.0,1000,0.9091
2014-04-29,PDUMJEPULP,EQ,11.55,11.9,11.9,11.0,11.0,11.0,11.33,217,245890000.0,8.0,211,0.9723999999999999
2014-04-30,PDUMJEPULP,EQ,11.0,10.6,11.25,10.5,10.85,10.85,10.66,1467,1564270000.0,12.0,1125,0.7669
2014-05-02,PDUMJEPULP,EQ,10.85,11.25,11.3,10.7,10.7,10.7,10.93,1150,1257205000.0,7.0,1150,1.0
2014-05-05,PDUMJEPULP,EQ,10.7,10.6,11.2,10.6,11.15,11.15,10.99,1933,2124545000.0,12.0,1500,0.7759999999999999
2014-05-06,PDUMJEPULP,EQ,11.15,11.0,11.7,11.0,11.7,11.7,11.49,2151,2472125000.0,15.0,812,0.3775
2014-05-07,PDUMJEPULP,EQ,11.7,12.25,12.25,11.15,11.5,11.5,11.29,2794,3154455000.0,25.0,1722,0.6163000000000001
2014-05-08,PDUMJEPULP,EQ,11.5,12.5,12.5,11.0,11.75,11.75,11.2,615,688925000.0,8.0,550,0.8943000000000001
2014-05-09,PDUMJEPULP,EQ,11.75,11.5,11.5,11.5,11.5,11.5,11.5,96,110400000.0,2.0,96,1.0
2014-05-12,PDUMJEPULP,EQ,11.5,12.6,12.6,11.0,11.1,11.1,11.32,4298,4865725000.0,17.0,3968,0.9231999999999999
2014-05-13,PDUMJEPULP,EQ,11.1,12.15,12.15,10.35,10.8,10.8,10.85,15020,16293945000.000002,21.0,14450,0.9621
2014-05-14,PDUMJEPULP,EQ,10.8,11.0,11.5,11.0,11.0,11.0,11.12,4389,4880045000.0,29.0,3491,0.7954000000000001
2014-05-15,PDUMJEPULP,EQ,11.0,11.8,11.8,10.7,10.7,10.75,10.9,4792,5222740000.0,30.0,3984,0.8314
2014-05-16,PDUMJEPULP,EQ,10.75,11.55,11.55,10.55,11.5,11.5,10.76,5075,5463075000.0,28.0,4183,0.8242
2014-05-19,PDUMJEPULP,EQ,11.5,12.65,12.65,11.5,12.65,12.65,12.38,31644,39190800000.0,86.0,22654,0.7159000000000001
2014-05-20,PDUMJEPULP,EQ,12.65,13.7,13.9,12.5,13.9,13.9,13.75,27581,37936580000.0,66.0,22507,0.816
2014-05-21,PDUMJEPULP,EQ,13.9,14.5,14.55,14.0,14.55,14.55,14.45,30776,44482325000.0,81.0,28670,0.9316
2014-05-22,PDUMJEPULP,EQ,14.55,14.95,15.25,14.75,15.2,15.2,15.18,14463,21956300000.0,35.0,12718,0.8793000000000001
2014-05-23,PDUMJEPULP,EQ,15.2,15.2,15.8,14.5,15.05,15.05,14.96,14821,22177040000.0,62.0,11527,0.7777
2014-05-26,PDUMJEPULP,EQ,15.05,15.0,15.0,14.3,14.3,14.3,14.55,24647,35857005000.0,52.0,20797,0.8438
2014-05-27,PDUMJEPULP,EQ,14.3,14.3,14.3,13.6,14.1,14.1,13.85,7097,9830210000.0,26.0,5442,0.7668
2014-05-28,PDUMJEPULP,EQ,14.1,14.05,14.75,13.9,14.75,14.2,14.17,27774,39351860000.0,47.0,24724,0.8902
2014-05-29,PDUMJEPULP,EQ,14.2,14.15,14.85,13.5,14.5,13.8,13.77,31852,43861540000.0,75.0,26494,0.8318000000000001
2014-05-30,PDUMJEPULP,EQ,13.8,13.75,14.45,13.75,14.45,14.45,14.38,2800,4025015000.0,14.0,1807,0.6454000000000001
2014-06-02,PDUMJEPULP,EQ,14.45,15.15,15.15,14.05,15.0,15.0,14.67,5243,7692164999.999999,21.0,2814,0.5367000000000001
2014-06-03,PDUMJEPULP,EQ,15.0,15.7,15.7,14.6,14.85,14.95,15.09,17840,26926065000.000004,65.0,12882,0.7221
2014-06-04,PDUMJEPULP,EQ,14.95,15.35,15.45,14.95,15.2,15.2,15.2,14270,21685135000.0,41.0,11904,0.8342
2014-06-05,PDUMJEPULP,EQ,15.2,15.4,15.55,14.7,15.35,15.35,15.35,16242,24937745000.0,54.0,12060,0.7425
2014-06-06,PDUMJEPULP,EQ,15.35,15.9,15.9,15.0,15.4,15.4,15.33,17784,27258659999.999996,53.0,11586,0.6515000000000001
2014-06-09,PDUMJEPULP,EQ,15.4,15.65,16.15,15.5,16.15,16.15,16.05,13795,22134690000.0,53.0,10547,0.7646
2014-06-10,PDUMJEPULP,EQ,16.15,16.15,16.95,16.0,16.95,16.95,16.71,51365,85836115000.0,129.0,33781,0.6577
2014-06-11,PDUMJEPULP,EQ,16.95,17.7,17.7,16.3,17.5,17.35,17.37,15434,26802240000.000004,96.0,12689,0.8220999999999999
2014-06-12,PDUMJEPULP,EQ,17.35,18.0,18.0,16.85,17.2,17.2,17.24,17079,29449134999.999996,77.0,13970,0.818
2014-06-13,PDUMJEPULP,EQ,17.2,17.4,17.4,16.35,16.8,16.6,16.88,32973,55645690000.0,106.0,24492,0.7428
2014-06-16,PDUMJEPULP,EQ,16.6,17.4,17.4,15.8,16.0,16.0,16.12,4770,7687250000.0,28.0,4466,0.9363
2014-06-17,PDUMJEPULP,EQ,16.0,15.95,15.95,15.5,15.6,15.6,15.64,4161,6507750000.0,26.0,3661,0.8798
2014-06-18,PDUMJEPULP,EQ,15.6,15.3,15.35,14.85,14.85,14.85,15.03,10274,15442645000.000002,44.0,7424,0.7226
2014-06-19,PDUMJEPULP,EQ,14.85,14.7,15.0,14.65,14.7,14.85,14.75,3209,4733060000.0,14.0,2709,0.8442000000000001
2014-06-20,PDUMJEPULP,EQ,14.85,14.8,14.9,14.75,14.9,14.9,14.81,166,245850000.0,3.0,166,1.0
2014-06-23,PDUMJEPULP,EQ,14.9,14.95,15.3,14.95,15.3,15.3,15.01,634,951329999.9999999,7.0,600,0.9464
2014-06-24,PDUMJEPULP,EQ,15.3,15.35,16.05,15.0,16.05,16.05,15.73,20572,32353445000.0,40.0,18625,0.9054000000000001
2014-06-25,PDUMJEPULP,EQ,16.05,16.1,16.85,15.85,16.55,16.6,16.4,9785,16050670000.000002,37.0,7569,0.7735
2014-06-26,PDUMJEPULP,EQ,16.6,16.05,16.5,16.05,16.5,16.45,16.24,8514,13826985000.0,23.0,7345,0.8627
2014-06-27,PDUMJEPULP,EQ,16.45,16.15,16.8,16.1,16.5,16.5,16.34,6573,10741495000.0,35.0,5803,0.8829000000000001
2014-06-30,PDUMJEPULP,EQ,16.5,16.95,17.25,16.5,16.7,16.7,17.02,3135,5336920000.0,18.0,3099,0.9884999999999999
2014-07-01,PDUMJEPULP,EQ,16.7,17.45,17.45,16.0,16.0,16.05,16.42,26662,43790580000.0,75.0,24941,0.9355
2014-07-02,PDUMJEPULP,EQ,16.05,15.6,16.55,15.6,16.35,16.5,16.36,9396,15376325000.0,45.0,8500,0.9046
2014-07-03,PDUMJEPULP,EQ,16.5,15.95,16.35,15.95,16.35,16.35,16.33,3661,5978415000.0,9.0,3561,0.9727
2014-07-04,PDUMJEPULP,EQ,16.35,17.1,17.1,16.0,16.3,16.3,16.32,9687,15810250000.0,26.0,6815,0.7034999999999999
2014-07-07,PDUMJEPULP,EQ,16.3,16.05,16.5,16.05,16.5,16.5,16.26,17335,28186400000.0,18.0,11037,0.6367
2014-07-08,PDUMJEPULP,EQ,16.5,15.55,16.5,15.0,15.85,15.4,16.03,20521,32885734999.999996,48.0,13659,0.6656000000000001
2014-07-09,PDUMJEPULP,EQ,15.4,15.0,15.9,15.0,15.9,15.65,15.48,2080,3219460000.0,8.0,1955,0.9399
2014-07-10,PDUMJEPULP,EQ,15.65,14.8,15.15,14.3,15.15,15.15,14.96,4275,6393750000.0,12.0,3650,0.8538
2014-07-11,PDUMJEPULP,EQ,15.15,14.7,15.5,14.7,15.25,15.25,15.3,11364,17381245000.0,21.0,10538,0.9273
2014-07-15,PDUMJEPULP,EQ,15.25,14.8,15.0,14.4,14.8,14.8,14.58,1205,1757250000.0,6.0,500,0.41490000000000005
2014-07-16,PDUMJEPULP,EQ,14.8,14.95,15.0,14.4,14.4,14.4,14.94,1095,1636100000.0,5.0,1095,1.0
2014-07-17,PDUMJEPULP,EQ,14.4,14.55,15.0,14.55,14.65,14.75,14.9,4731,7048714999.999999,12.0,4721,0.9979000000000001
2014-07-18,PDUMJEPULP,EQ,14.75,15.4,16.15,15.2,15.8,15.75,15.74,9312,14654870000.000002,42.0,4131,0.4436
2014-07-21,PDUMJEPULP,EQ,15.75,16.3,16.5,15.15,15.15,15.35,15.81,6052,9568310000.0,32.0,3537,0.5844
2014-07-22,PDUMJEPULP,EQ,15.35,15.15,15.65,14.65,15.6,15.35,15.01,3769,5655395000.0,17.0,3615,0.9591
2014-07-23,PDUMJEPULP,EQ,15.35,15.1,15.1,14.5,14.8,14.8,14.82,3115,4616450000.0,10.0,3050,0.9791
2014-07-24,PDUMJEPULP,EQ,14.8,16.0,16.25,15.45,16.25,16.25,16.13,34103,55022135000.0,55.0,27402,0.8035
2014-07-25,PDUMJEPULP,EQ,16.25,16.8,17.75,15.7,16.65,16.5,16.51,31895,52670690000.0,89.0,28627,0.8975
2014-07-28,PDUMJEPULP,EQ,16.5,16.5,16.5,15.7,16.0,16.0,15.81,41149,65057419999.99999,87.0,33585,0.8162
2014-07-30,PDUMJEPULP,EQ,16.0,15.75,16.05,15.75,16.05,16.05,15.88,3464,5500670000.0,10.0,1900,0.5485
2014-07-31,PDUMJEPULP,EQ,16.05,15.5,15.75,15.0,15.2,15.15,15.38,7905,12159295000.0,27.0,7100,0.8982
2014-08-01,PDUMJEPULP,EQ,15.15,15.1,15.1,13.65,13.75,13.75,13.93,41380,57641975000.0,93.0,27302,0.6598
2014-08-04,PDUMJEPULP,EQ,13.75,15.0,15.0,13.75,14.25,14.1,13.78,1440,1984625000.0,9.0,1225,0.8506999999999999
2014-08-05,PDUMJEPULP,EQ,14.1,14.9,14.9,14.9,14.9,14.9,14.9,1,1490000.0,1.0,1,1.0
2014-08-06,PDUMJEPULP,EQ,14.9,15.0,15.5,15.0,15.5,15.5,15.15,71484,108307945000.0,67.0,68182,0.9538
2014-08-07,PDUMJEPULP,EQ,15.5,14.8,15.65,14.5,15.0,15.0,14.8,2601,3848260000.0,13.0,1799,0.6917
2014-08-08,PDUMJEPULP,EQ,15.0,14.5,14.75,13.7,14.1,14.25,13.8,911,1256785000.0,15.0,900,0.9879000000000001
2014-08-11,PDUMJEPULP,EQ,14.25,15.0,15.0,15.0,15.0,15.0,15.0,500,750000000.0,1.0,500,1.0
2014-08-12,PDUMJEPULP,EQ,15.0,14.2,14.2,14.0,14.0,14.0,14.08,504,709520000.0,6.0,503,0.998
2014-08-13,PDUMJEPULP,EQ,14.0,14.0,14.0,13.75,13.75,13.75,13.88,2422,3362769999.9999995,15.0,1920,0.7927
2014-08-14,PDUMJEPULP,EQ,13.75,13.75,14.6,13.75,14.6,14.45,14.19,3745,5315200000.0,17.0,3745,1.0
2014-08-18,PDUMJEPULP,EQ,14.45,14.0,14.0,14.0,14.0,14.0,14.0,2100,2940000000.0,10.0,2100,1.0
2014-08-19,PDUMJEPULP,EQ,14.0,13.5,14.4,12.55,13.8,13.55,13.78,16442,22662135000.0,51.0,15477,0.9413
2014-08-20,PDUMJEPULP,EQ,13.55,13.8,15.05,13.75,14.5,14.5,14.68,17815,26145650000.0,37.0,16230,0.9109999999999999
2014-08-21,PDUMJEPULP,EQ,14.5,14.55,14.85,14.55,14.85,14.85,14.71,1580,2324900000.0,7.0,1510,0.9557
2014-08-22,PDUMJEPULP,EQ,14.85,14.5,14.5,14.1,14.2,14.2,14.28,5042,7198255000.0,12.0,5040,0.9995999999999999
2014-08-25,PDUMJEPULP,EQ,14.2,14.25,14.25,13.75,14.1,14.1,14.04,1192,1674140000.0000002,14.0,1185,0.9941
2014-08-26,PDUMJEPULP,EQ,14.1,13.9,14.0,13.8,14.0,14.0,13.89,20,27780000.0,4.0,18,0.9
2014-08-27,PDUMJEPULP,EQ,14.0,16.75,16.75,14.0,14.45,14.35,14.3,3192,4564320000.0,18.0,2716,0.8509000000000001
2014-08-28,PDUMJEPULP,EQ,14.35,13.7,14.2,13.2,14.2,13.95,13.95,7456,10401645000.0,21.0,6798,0.9117000000000001
2014-09-01,PDUMJEPULP,EQ,13.95,13.75,13.9,13.55,13.75,13.75,13.76,2841,3908405000.0000005,8.0,2590,0.9117000000000001
2014-09-02,PDUMJEPULP,EQ,13.75,14.1,14.6,14.0,14.05,14.0,14.07,11620,16349995000.000002,24.0,10594,0.9117000000000001
2014-09-03,PDUMJEPULP,EQ,14.0,13.8,14.3,13.8,13.9,13.9,14.1,2302,3245710000.0,10.0,1875,0.8145
2014-09-04,PDUMJEPULP,EQ,13.9,13.7,13.85,13.0,13.7,13.7,13.43,1795,2411075000.0,27.0,1259,0.7014
2014-09-05,PDUMJEPULP,EQ,13.7,13.8,14.25,13.3,14.25,14.0,13.59,6554,8909395000.0,32.0,4798,0.7321
2014-09-08,PDUMJEPULP,EQ,14.0,14.45,15.0,14.4,15.0,15.0,14.77,9135,13494575000.0,27.0,8635,0.9453
2014-09-09,PDUMJEPULP,EQ,15.0,14.05,16.25,14.05,15.65,15.95,15.33,22078,33848175000.0,35.0,19977,0.9048
2014-09-10,PDUMJEPULP,EQ,15.95,15.5,16.0,14.5,16.0,16.0,15.63,17128,26769805000.0,34.0,16524,0.9647
2014-09-11,PDUMJEPULP,EQ,16.0,16.05,16.65,15.3,16.0,16.4,16.08,14231,22877735000.0,50.0,13489,0.9479000000000001
2014-09-12,PDUMJEPULP,EQ,16.4,16.0,16.0,15.1,15.9,15.85,15.9,8536,13571240000.0,38.0,7610,0.8915000000000001
2014-09-15,PDUMJEPULP,EQ,15.85,16.7,16.7,15.0,15.8,15.15,15.51,17932,27804184999.999996,59.0,13751,0.7668
2014-09-16,PDUMJEPULP,EQ,15.15,15.8,15.8,14.9,14.9,14.95,15.12,16864,25498055000.0,32.0,15824,0.9383
2014-09-17,PDUMJEPULP,EQ,14.95,14.75,14.95,14.0,14.1,14.1,14.41,7036,10135635000.0,44.0,6500,0.9238
2014-09-18,PDUMJEPULP,EQ,14.1,14.55,15.5,14.55,15.4,15.25,15.08,3265,4923955000.0,14.0,2901,0.8885
2014-09-19,PDUMJEPULP,EQ,15.25,15.25,15.25,14.8,15.0,15.0,14.95,3602,5385480000.0,12.0,3601,0.9997
2014-09-22,PDUMJEPULP,EQ,15.0,15.6,15.65,14.8,15.0,15.0,15.14,4551,6888480000.0,11.0,4150,0.9119
2014-09-23,PDUMJEPULP,EQ,15.0,15.0,15.0,14.65,14.65,14.65,14.75,1313,1936555000.0,8.0,913,0.6954000000000001
2014-09-24,PDUMJEPULP,EQ,14.65,14.1,14.4,14.0,14.0,14.2,14.19,1252,1776320000.0,14.0,1101,0.8794
2014-09-25,PDUMJEPULP,EQ,14.2,14.0,14.9,13.35,14.0,14.05,14.61,1595,2330970000.0,20.0,1167,0.7317
2014-09-26,PDUMJEPULP,EQ,14.05,14.0,14.4,13.8,14.0,14.0,14.1,6,8460000.0,6.0,1,0.16670000000000001
2014-09-30,PDUMJEPULP,EQ,14.0,14.0,14.4,13.6,14.0,14.0,13.93,1693,2358570000.0,14.0,689,0.40700000000000003
2014-10-01,PDUMJEPULP,EQ,14.0,14.0,14.0,13.85,14.0,14.0,14.0,1601,2241385000.0,6.0,1600,0.9994
2014-10-07,PDUMJEPULP,EQ,14.0,14.0,14.0,13.7,13.85,13.85,13.84,6505,9005875000.0,34.0,4550,0.6995
2014-10-08,PDUMJEPULP,EQ,13.85,13.85,14.0,13.85,13.85,13.85,13.91,263,365755000.0,4.0,163,0.6198
2014-10-09,PDUMJEPULP,EQ,13.85,14.0,14.5,14.0,14.5,14.5,14.19,325,461250000.0,2.0,325,1.0
2014-10-10,PDUMJEPULP,EQ,14.5,14.05,14.85,14.05,14.85,14.85,14.82,469,694865000.0,6.0,469,1.0
2014-10-13,PDUMJEPULP,EQ,14.85,14.55,14.55,13.9,14.0,14.0,14.13,4024,5684175000.0,41.0,2486,0.6178
2014-10-14,PDUMJEPULP,EQ,14.0,14.2,14.2,14.05,14.2,14.2,14.12,1337,1888040000.0000002,9.0,1200,0.8975
2014-10-16,PDUMJEPULP,EQ,14.2,13.9,14.3,13.9,14.3,14.2,14.18,3717,5272420000.0,7.0,3716,0.9997
2014-10-17,PDUMJEPULP,EQ,14.2,13.9,14.5,13.9,14.5,14.5,14.2,3914,5558300000.0,22.0,3914,1.0
2014-10-20,PDUMJEPULP,EQ,14.5,14.4,15.0,14.4,14.6,14.8,14.83,7880,11688500000.0,20.0,7080,0.8985
2014-10-21,PDUMJEPULP,EQ,14.8,14.8,14.8,14.5,14.5,14.6,14.67,829,1216170000.0,6.0,829,1.0
2014-10-22,PDUMJEPULP,EQ,14.6,14.5,14.75,14.3,14.3,14.3,14.74,1029,1516470000.0,14.0,1029,1.0
2014-10-23,PDUMJEPULP,EQ,14.3,15.0,15.0,15.0,15.0,15.0,15.0,2000,3000000000.0,6.0,2000,1.0
2014-10-27,PDUMJEPULP,EQ,15.0,14.3,15.5,13.6,15.5,15.5,15.31,7097,10867585000.0,44.0,7081,0.9977
2014-10-28,PDUMJEPULP,EQ,15.5,15.5,15.5,14.55,14.55,14.55,14.85,4150,6163500000.0,19.0,3525,0.8494
2014-10-29,PDUMJEPULP,EQ,14.55,15.25,15.5,15.0,15.0,15.1,15.24,7409,11294000000.0,16.0,6884,0.9291
2014-10-30,PDUMJEPULP,EQ,15.1,15.0,15.1,14.9,14.9,15.05,15.06,6825,10279325000.0,13.0,6820,0.9993000000000001
2014-10-31,PDUMJEPULP,EQ,15.05,15.0,15.0,14.6,14.95,14.8,14.81,3251,4813445000.0,11.0,2250,0.6920999999999999
2014-11-03,PDUMJEPULP,EQ,14.8,15.25,15.5,15.2,15.5,15.5,15.41,4649,7163400000.0,15.0,4350,0.9357
2014-11-05,PDUMJEPULP,EQ,15.5,14.7,15.7,14.7,15.7,15.45,15.09,6935,10467150000.0,16.0,6455,0.9308
2014-11-07,PDUMJEPULP,EQ,15.45,16.95,16.95,15.3,15.3,15.3,15.58,5579,8689690000.0,16.0,5079,0.9104000000000001
2014-11-10,PDUMJEPULP,EQ,15.3,15.85,15.85,15.35,15.35,15.35,15.52,4500,6982500000.0,9.0,4000,0.8889
2014-11-11,PDUMJEPULP,EQ,15.35,15.1,15.6,15.1,15.6,15.6,15.29,4309,6589510000.000001,12.0,3250,0.7542
2014-11-12,PDUMJEPULP,EQ,15.6,15.7,15.85,15.4,15.8,15.75,15.73,6716,10561395000.0,22.0,5846,0.8704999999999999
2014-11-13,PDUMJEPULP,EQ,15.75,15.55,15.6,15.05,15.5,15.5,15.42,5152,7946535000.000001,23.0,3901,0.7572
2014-11-14,PDUMJEPULP,EQ,15.5,15.8,15.9,15.7,15.8,15.7,15.84,8400,13306000000.0,25.0,6500,0.7737999999999999
2014-11-17,PDUMJEPULP,EQ,15.7,15.65,15.9,15.6,15.9,15.9,15.78,7705,12155830000.0,18.0,6705,0.8702
2014-11-18,PDUMJEPULP,EQ,15.9,16.25,16.65,15.55,16.45,16.3,16.32,13446,21949130000.0,65.0,11380,0.8462999999999999
2014-11-19,PDUMJEPULP,EQ,16.3,16.5,16.75,16.15,16.45,16.4,16.38,12858,21066455000.0,38.0,12558,0.9767
2014-11-20,PDUMJEPULP,EQ,16.4,16.45,16.45,15.5,15.75,15.75,15.73,3100,4875000000.0,12.0,2500,0.8065000000000001
2014-11-21,PDUMJEPULP,EQ,15.75,16.3,16.3,15.75,16.2,16.15,16.16,4675,7555500000.0,15.0,4225,0.9037000000000001
2014-11-24,PDUMJEPULP,EQ,16.15,16.15,16.35,15.7,15.9,15.9,15.94,6403,10206880000.0,21.0,4103,0.6408
2014-11-25,PDUMJEPULP,EQ,15.9,16.05,16.35,16.0,16.35,16.35,16.06,2326,3736510000.0,6.0,2226,0.9570000000000001
2014-11-26,PDUMJEPULP,EQ,16.35,16.0,16.0,16.0,16.0,16.0,16.0,1000,1600000000.0,2.0,1000,1.0
2014-11-27,PDUMJEPULP,EQ,16.0,15.9,16.1,15.9,16.1,16.1,15.98,2175,3476125000.0,5.0,2175,1.0
2014-11-28,PDUMJEPULP,EQ,16.1,15.75,16.15,15.75,15.9,16.1,16.07,6892,11075780000.0,10.0,6892,1.0
2014-12-01,PDUMJEPULP,EQ,16.1,15.25,15.9,15.25,15.9,15.9,15.85,3000,4754000000.0,9.0,2900,0.9667
2014-12-02,PDUMJEPULP,EQ,15.9,15.6,15.95,15.6,15.8,15.8,15.83,3835,6070025000.0,14.0,3685,0.9609000000000001
2014-12-03,PDUMJEPULP,EQ,15.8,15.9,15.9,15.45,15.45,15.5,15.65,2924,4577200000.0,8.0,2612,0.8933
2014-12-04,PDUMJEPULP,EQ,15.5,16.2,16.2,15.3,15.35,15.8,15.86,12403,19675600000.0,43.0,7701,0.6209
2014-12-05,PDUMJEPULP,EQ,15.8,15.75,15.75,15.4,15.75,15.75,15.72,1110,1744750000.0,6.0,1110,1.0
2014-12-08,PDUMJEPULP,EQ,15.75,15.5,15.5,15.5,15.5,15.5,15.5,500,775000000.0,2.0,500,1.0
2014-12-09,PDUMJEPULP,EQ,15.5,15.2,15.25,14.45,15.2,15.2,15.2,2426,3686455000.0000005,17.0,2420,0.9975
2014-12-10,PDUMJEPULP,EQ,15.2,15.3,15.35,15.3,15.35,15.35,15.34,950,1457250000.0,2.0,950,1.0
2014-12-11,PDUMJEPULP,EQ,15.35,15.0,16.0,14.85,15.0,15.0,14.93,3552,5302835000.0,25.0,3150,0.8868
2014-12-12,PDUMJEPULP,EQ,15.0,15.0,15.7,15.0,15.2,15.2,15.27,1250,1908500000.0,11.0,1150,0.92
2014-12-15,PDUMJEPULP,EQ,15.2,15.2,15.2,14.95,14.95,14.95,14.95,102,152540000.0,2.0,102,1.0
2014-12-16,PDUMJEPULP,EQ,14.95,16.45,16.45,14.0,14.0,14.0,14.54,9858,14334900000.0,64.0,7872,0.7985
2014-12-17,PDUMJEPULP,EQ,14.0,14.0,14.0,11.5,13.0,12.85,12.39,6852,8487360000.000001,39.0,6000,0.8756999999999999
2014-12-18,PDUMJEPULP,EQ,12.85,14.0,14.0,14.0,14.0,14.0,14.0,2,2800000.0,1.0,2,1.0
2014-12-19,PDUMJEPULP,EQ,14.0,15.0,15.0,14.0,14.2,14.2,14.33,4002,5736500000.0,19.0,2702,0.6752
2014-12-22,PDUMJEPULP,EQ,14.2,13.8,14.5,13.4,14.5,14.5,14.06,1501,2110365000.0000002,11.0,1500,0.9993000000000001
2014-12-23,PDUMJEPULP,EQ,14.5,14.75,15.7,14.5,14.5,14.5,15.01,11440,17168815000.0,13.0,11440,1.0
2014-12-24,PDUMJEPULP,EQ,14.5,14.5,15.0,14.2,14.95,14.95,14.95,7691,11499665000.0,10.0,7589,0.9867
2014-12-26,PDUMJEPULP,EQ,14.95,15.0,15.0,15.0,15.0,15.0,15.0,1500,2250000000.0,16.0,1500,1.0
2014-12-29,PDUMJEPULP,EQ,15.0,15.0,15.5,14.9,15.0,15.0,15.15,11449,17341860000.0,31.0,9286,0.8111
2014-12-31,PDUMJEPULP,EQ,15.0,14.9,15.3,14.9,14.9,14.9,15.09,700,1056000000.0,9.0,700,1.0
2015-01-01,PDUMJEPULP,EQ,14.9,14.9,14.9,14.5,14.5,14.5,14.63,3300,4829000000.0,14.0,3100,0.9394
2015-01-02,PDUMJEPULP,EQ,14.5,15.0,15.0,14.15,14.25,14.25,14.56,5545,8072264999.999999,24.0,4646,0.8379000000000001
2015-01-05,PDUMJEPULP,EQ,14.25,14.3,14.95,14.25,14.9,14.9,14.57,4599,6703025000.0,16.0,3500,0.761
2015-01-07,PDUMJEPULP,EQ,14.9,14.2,14.3,14.2,14.3,14.3,14.25,4,5700000.0,4.0,0,0.0
2015-01-09,PDUMJEPULP,EQ,14.3,14.0,14.7,13.45,14.15,14.15,14.1,4132,5824075000.0,27.0,3101,0.7505
2015-01-12,PDUMJEPULP,EQ,14.15,14.1,14.1,14.1,14.1,14.1,14.1,250,352500000.0,2.0,250,1.0
2015-01-13,PDUMJEPULP,EQ,14.1,14.15,14.9,14.15,14.8,14.8,14.86,434,644725000.0,9.0,421,0.97
2015-01-14,PDUMJEPULP,EQ,14.8,14.3,14.5,14.05,14.2,14.2,14.28,3208,4582370000.0,20.0,2307,0.7191
2015-01-15,PDUMJEPULP,EQ,14.2,14.05,14.25,13.9,14.2,14.2,14.07,18302,25754965000.0,41.0,10545,0.5761999999999999
2015-01-16,PDUMJEPULP,EQ,14.2,14.0,15.8,13.7,15.55,15.65,15.13,23333,35307945000.0,65.0,22050,0.9450000000000001
2015-01-19,PDUMJEPULP,EQ,15.65,16.0,18.75,16.0,17.5,17.05,17.24,72742,125389814999.99998,210.0,38248,0.5258
2015-01-20,PDUMJEPULP,EQ,17.05,16.75,17.0,16.5,16.5,16.75,16.81,28731,48299860000.0,48.0,25726,0.8954000000000001
2015-01-21,PDUMJEPULP,EQ,16.75,16.5,16.5,15.6,16.3,16.3,16.17,10396,16808865000.0,33.0,8200,0.7888
2015-01-22,PDUMJEPULP,EQ,16.3,16.0,16.0,15.55,15.8,15.8,15.96,2674,4267869999.9999995,19.0,2670,0.9984999999999999
2015-01-23,PDUMJEPULP,EQ,15.8,15.55,16.0,14.8,14.8,14.9,15.53,32855,51010015000.0,118.0,25875,0.7876000000000001
2015-01-27,PDUMJEPULP,EQ,14.9,14.25,15.1,13.55,15.1,15.1,14.54,2249,3270385000.0,13.0,1545,0.687
2015-01-28,PDUMJEPULP,EQ,15.1,15.5,15.5,14.5,15.0,15.05,14.92,3410,5088920000.0,16.0,3407,0.9991
2015-01-29,PDUMJEPULP,EQ,15.05,15.0,15.0,14.5,14.8,14.8,14.75,3403,5018415000.0,17.0,3400,0.9991
2015-01-30,PDUMJEPULP,EQ,14.8,14.75,14.75,14.55,14.7,14.7,14.59,201,293325000.0,5.0,200,0.995
2015-02-02,PDUMJEPULP,EQ,14.7,15.1,15.55,14.85,14.85,14.95,15.13,8291,12541540000.0,24.0,4418,0.5329
2015-02-03,PDUMJEPULP,EQ,14.95,15.0,15.1,14.75,15.1,15.1,15.05,1350,2031750000.0,5.0,1350,1.0
2015-02-04,PDUMJEPULP,EQ,15.1,15.05,15.05,14.9,14.9,14.9,15.01,3731,5599405000.0,9.0,3731,1.0
2015-02-05,PDUMJEPULP,EQ,14.9,14.55,15.3,14.3,15.1,14.9,14.69,5700,8371839999.999999,31.0,4681,0.8212
2015-02-06,PDUMJEPULP,EQ,14.9,14.9,15.45,14.3,15.45,15.4,14.84,1403,2082515000.0000002,8.0,1400,0.9979000000000001
2015-02-10,PDUMJEPULP,EQ,15.4,14.5,15.05,14.2,15.05,15.05,14.52,8356,12134635000.0,25.0,6354,0.7604000000000001
2015-02-12,PDUMJEPULP,EQ,15.05,14.5,15.0,14.5,15.0,15.0,14.51,429,622550000.0,2.0,429,1.0
2015-02-13,PDUMJEPULP,EQ,15.0,14.5,15.4,14.4,15.4,15.0,14.71,9493,13967829999.999998,34.0,5892,0.6207
2015-02-16,PDUMJEPULP,EQ,15.0,15.4,15.95,15.3,15.3,15.3,15.51,7787,12079445000.0,34.0,4881,0.6268
2015-02-18,PDUMJEPULP,EQ,15.3,15.3,15.3,14.8,14.8,14.8,14.85,750,1114000000.0,3.0,750,1.0
2015-02-19,PDUMJEPULP,EQ,14.8,15.0,15.95,15.0,15.05,15.05,15.34,4656,7143605000.0,31.0,3150,0.6765000000000001
2015-02-20,PDUMJEPULP,EQ,15.05,15.1,15.25,14.55,14.55,14.6,14.77,11111,16410279999.999998,51.0,9790,0.8811
2015-02-23,PDUMJEPULP,EQ,14.6,15.25,16.5,15.25,16.15,16.15,16.0,63869,102195285000.0,221.0,48385,0.7576
2015-02-24,PDUMJEPULP,EQ,16.15,15.3,16.2,15.3,16.0,16.1,15.96,11654,18603500000.0,35.0,9768,0.8382
2015-02-25,PDUMJEPULP,EQ,16.1,15.7,16.0,15.4,15.6,15.6,15.9,10487,16673704999.999998,33.0,7115,0.6785
2015-02-26,PDUMJEPULP,EQ,15.6,15.7,15.7,15.45,15.45,15.45,15.57,2000,3114500000.0,4.0,2000,1.0
2015-02-27,PDUMJEPULP,EQ,15.45,15.5,15.8,15.3,15.8,15.7,15.57,9142,14236215000.0,31.0,7651,0.8369
2015-02-28,PDUMJEPULP,EQ,15.7,16.1,16.1,15.5,15.65,15.65,15.67,2157,3380269999.9999995,6.0,2157,1.0
2015-03-02,PDUMJEPULP,EQ,15.65,15.85,18.75,15.4,18.75,18.75,18.34,280839,514948009999.99994,737.0,95693,0.3407
2015-03-03,PDUMJEPULP,EQ,18.75,19.4,19.4,17.65,18.8,18.55,18.64,59291,110528070000.0,347.0,40353,0.6806
2015-03-04,PDUMJEPULP,EQ,18.55,19.25,19.85,16.65,17.4,17.2,18.63,143323,267063775000.0,387.0,58173,0.40590000000000004
2015-03-05,PDUMJEPULP,EQ,17.2,18.05,18.75,17.25,17.5,17.6,17.88,13714,24519025000.0,50.0,12803,0.9336
2015-03-09,PDUMJEPULP,EQ,17.6,18.25,21.1,18.25,21.1,21.1,20.34,185895,378160305000.0,578.0,123812,0.6659999999999999
2015-03-10,PDUMJEPULP,EQ,21.1,21.9,23.9,20.4,22.75,22.15,22.17,153306,339839575000.0,946.0,106895,0.6973
2015-03-11,PDUMJEPULP,EQ,22.15,22.55,24.0,22.55,23.3,23.25,23.38,66862,156334090000.0,401.0,43885,0.6564
2015-03-12,PDUMJEPULP,EQ,23.25,24.0,24.6,23.1,24.3,24.35,23.86,55913,133405705000.0,275.0,45376,0.8115000000000001
2015-03-13,PDUMJEPULP,EQ,24.35,24.8,24.9,22.9,23.65,23.5,23.65,41545,98241675000.0,202.0,28795,0.6931
2015-03-16,PDUMJEPULP,EQ,23.5,23.65,23.65,22.0,22.4,22.1,22.69,14557,33035270000.0,84.0,12540,0.8614
2015-03-17,PDUMJEPULP,EQ,22.1,24.0,24.0,22.5,22.8,22.8,23.29,49224,114621085000.00002,154.0,35433,0.7198000000000001
2015-03-18,PDUMJEPULP,EQ,22.8,23.25,23.7,23.0,23.7,23.45,23.3,28787,67078644999.99999,77.0,21626,0.7512000000000001
2015-03-19,PDUMJEPULP,EQ,23.45,23.5,23.6,22.95,23.0,23.1,23.27,27674,64411069999.99999,106.0,17531,0.6335000000000001
2015-03-20,PDUMJEPULP,EQ,23.1,22.5,23.0,22.35,22.75,22.65,22.59,11668,26352815000.000004,54.0,11430,0.9795999999999999
2015-03-23,PDUMJEPULP,EQ,22.65,22.2,23.9,22.2,22.7,22.85,22.91,30534,69962250000.0,67.0,26934,0.8821
2015-03-24,PDUMJEPULP,EQ,22.85,22.7,22.9,22.5,22.5,22.65,22.72,10393,23616335000.0,70.0,10263,0.9875
2015-03-25,PDUMJEPULP,EQ,22.65,21.55,22.35,21.15,22.35,22.0,21.91,15189,33284825000.0,100.0,10005,0.6587000000000001
2015-03-26,PDUMJEPULP,EQ,22.0,22.0,22.0,20.85,21.0,21.0,21.3,7331,15615285000.0,42.0,6740,0.9194
2015-03-27,PDUMJEPULP,EQ,21.0,20.35,22.0,20.35,21.75,21.75,21.1,7568,15968120000.000002,37.0,6964,0.9202
2015-03-30,PDUMJEPULP,EQ,21.75,21.25,22.5,21.25,22.5,22.5,22.04,1180,2601250000.0,5.0,1180,1.0
2015-03-31,PDUMJEPULP,EQ,22.5,22.4,23.3,22.4,23.25,23.25,22.83,15436,35237990000.0,40.0,13037,0.8445999999999999
2015-04-01,PDUMJEPULP,EQ,23.25,22.1,25.3,22.1,25.3,25.0,24.54,29180,71598905000.0,110.0,21498,0.7367
2015-04-06,PDUMJEPULP,EQ,25.0,24.0,25.75,24.0,25.45,25.0,24.61,28748,70749620000.0,168.0,20698,0.72
2015-04-07,PDUMJEPULP,EQ,25.0,25.0,25.5,24.5,25.05,24.85,24.94,14040,35011150000.0,59.0,10330,0.7358
2015-04-08,PDUMJEPULP,EQ,24.85,24.85,25.85,24.25,25.25,25.2,25.07,68159,170902690000.0,112.0,59721,0.8762000000000001
2015-04-09,PDUMJEPULP,EQ,25.2,25.25,25.7,24.8,25.5,25.45,25.47,11957,30451990000.000004,50.0,10142,0.8482
2015-04-10,PDUMJEPULP,EQ,25.45,25.8,27.35,25.8,27.0,26.9,26.78,52551,140709800000.0,208.0,33971,0.6464
2015-04-13,PDUMJEPULP,EQ,26.9,27.1,28.0,26.35,27.85,27.8,27.32,70782,193410165000.0,251.0,46501,0.657
2015-04-15,PDUMJEPULP,EQ,27.8,27.85,28.5,27.0,27.8,27.35,27.87,55865,155673925000.0,219.0,41503,0.7429000000000001
2015-04-16,PDUMJEPULP,EQ,27.35,27.75,27.8,26.6,26.95,26.9,26.81,20458,54857240000.0,94.0,14119,0.6901
2015-04-17,PDUMJEPULP,EQ,26.9,27.65,27.65,25.85,25.85,26.15,26.42,24222,63986925000.0,106.0,23504,0.9704
2015-04-20,PDUMJEPULP,EQ,26.15,26.25,27.0,26.0,26.5,26.55,26.36,26981,71128955000.0,71.0,23470,0.8699
2015-04-21,PDUMJEPULP,EQ,26.55,25.1,27.0,25.1,25.8,25.8,26.08,8631,22506550000.0,47.0,7974,0.9239
2015-04-22,PDUMJEPULP,EQ,25.8,27.55,27.55,25.75,26.4,26.1,26.13,14316,37412035000.0,97.0,9602,0.6707
2015-04-23,PDUMJEPULP,EQ,26.1,27.2,27.2,25.5,25.7,25.7,25.82,7787,20107345000.0,22.0,7687,0.9872
2015-04-24,PDUMJEPULP,EQ,25.7,26.95,26.95,25.7,25.7,25.7,25.84,13695,35386100000.0,36.0,13100,0.9566
2015-04-27,PDUMJEPULP,EQ,25.7,26.3,26.3,23.95,23.95,23.95,24.64,12122,29867459999.999996,57.0,11249,0.9279999999999999
2015-04-28,PDUMJEPULP,EQ,23.95,21.2,24.5,21.2,24.0,24.1,24.04,7935,19074605000.0,44.0,7329,0.9236
2015-04-29,PDUMJEPULP,EQ,24.1,24.3,24.8,23.7,24.7,23.95,24.29,1325,3218125000.0,31.0,1208,0.9117000000000001
2015-04-30,PDUMJEPULP,EQ,23.95,25.15,25.15,23.6,24.45,24.2,24.12,8806,21238265000.0,43.0,4845,0.5502
2015-05-04,PDUMJEPULP,EQ,24.2,24.0,25.35,24.0,24.8,24.8,24.68,6356,15685150000.0,59.0,5500,0.8653000000000001
2015-05-05,PDUMJEPULP,EQ,24.8,24.15,26.8,24.15,24.5,24.5,24.86,16631,41338160000.0,84.0,12504,0.7518000000000001
2015-05-06,PDUMJEPULP,EQ,24.5,24.0,24.0,23.25,23.6,23.6,23.79,7776,18502180000.0,60.0,5497,0.7069
2015-05-07,PDUMJEPULP,EQ,23.6,23.0,23.8,22.3,23.25,23.5,23.03,1465,3373200000.0,46.0,738,0.5038
2015-05-08,PDUMJEPULP,EQ,23.5,23.5,23.95,23.1,23.9,23.4,23.25,6827,15872915000.0,55.0,5555,0.8137000000000001
2015-05-11,PDUMJEPULP,EQ,23.4,25.45,25.5,23.3,24.0,23.55,23.73,6796,16128804999.999998,27.0,6616,0.9734999999999999
2015-05-12,PDUMJEPULP,EQ,23.55,24.0,24.3,23.5,24.3,24.25,23.67,5006,11849185000.0,41.0,4381,0.8751000000000001
2015-05-13,PDUMJEPULP,EQ,24.25,25.1,25.4,24.15,24.5,24.55,24.71,4891,12087620000.0,51.0,2730,0.5582
2015-05-14,PDUMJEPULP,EQ,24.55,24.55,24.65,23.75,23.9,23.9,23.99,3642,8738080000.0,24.0,3500,0.961
2015-05-15,PDUMJEPULP,EQ,23.9,23.9,24.2,23.6,23.6,23.6,23.85,2857,6813580000.0,25.0,2821,0.9873999999999999
2015-05-18,PDUMJEPULP,EQ,23.6,24.75,24.85,23.55,23.6,23.95,24.02,6948,16688720000.000002,51.0,5488,0.7898999999999999
2015-05-19,PDUMJEPULP,EQ,23.95,23.7,24.6,23.7,24.55,24.35,24.09,21812,52536519999.99999,63.0,19808,0.9081
2015-05-20,PDUMJEPULP,EQ,24.35,24.5,24.95,24.2,24.75,24.75,24.36,23357,56896169999.99999,72.0,20841,0.8923000000000001
2015-05-21,PDUMJEPULP,EQ,24.75,24.3,25.15,24.15,25.1,25.0,24.43,1959,4784980000.0,39.0,1297,0.6620999999999999
2015-05-22,PDUMJEPULP,EQ,25.0,24.95,25.2,23.5,24.1,24.1,24.64,18115,44635435000.0,130.0,15484,0.8548
2015-05-25,PDUMJEPULP,EQ,24.1,24.1,25.15,24.0,24.35,24.45,24.45,6026,14735895000.000002,51.0,4560,0.7567
2015-05-26,PDUMJEPULP,EQ,24.45,24.5,26.0,23.5,23.7,23.7,24.1,9960,24007940000.0,52.0,9400,0.9438
2015-05-27,PDUMJEPULP,EQ,23.7,24.0,24.15,23.8,24.1,24.0,24.09,3856,9290945000.0,20.0,3506,0.9092
2015-05-28,PDUMJEPULP,EQ,24.0,24.15,24.15,23.5,23.85,23.85,24.04,11900,28610650000.0,23.0,11460,0.963
2015-05-29,PDUMJEPULP,EQ,23.85,24.0,24.0,23.45,24.0,24.0,23.9,1850,4420750000.0,11.0,1750,0.9459000000000001
2015-06-01,PDUMJEPULP,EQ,24.0,24.85,27.8,22.35,24.15,24.55,26.11,64558,168593175000.0,213.0,41925,0.6494
2015-06-02,PDUMJEPULP,EQ,24.55,24.05,25.0,23.55,24.0,23.7,24.47,18075,44220805000.0,60.0,14373,0.7952
2015-06-03,PDUMJEPULP,EQ,23.7,24.0,24.0,23.6,24.0,24.0,23.98,27187,65183535000.0,95.0,24277,0.893
2015-06-04,PDUMJEPULP,EQ,24.0,24.5,24.5,23.65,23.65,23.75,24.0,6841,16418900000.0,22.0,6391,0.9342
2015-06-05,PDUMJEPULP,EQ,23.75,23.65,27.0,23.65,25.15,25.15,25.94,54594,141605410000.0,386.0,31803,0.5825
2015-06-08,PDUMJEPULP,EQ,25.15,26.8,26.8,25.45,25.75,25.95,25.93,21241,55087055000.00001,109.0,19256,0.9065000000000001
2015-06-09,PDUMJEPULP,EQ,25.95,26.0,26.0,24.95,24.95,25.45,25.45,11078,28191790000.000004,60.0,9149,0.8259000000000001
2015-06-10,PDUMJEPULP,EQ,25.45,26.3,26.3,24.05,26.1,26.0,25.56,14106,36052665000.0,78.0,11009,0.7804000000000001
2015-06-11,PDUMJEPULP,EQ,26.0,25.5,26.2,25.5,26.0,26.0,25.74,8952,23043245000.0,48.0,8650,0.9662999999999999
2015-06-12,PDUMJEPULP,EQ,26.0,25.5,26.3,25.5,25.75,26.05,25.92,26455,68581994999.99999,103.0,22850,0.8637
2015-06-15,PDUMJEPULP,EQ,26.05,25.75,26.7,25.75,25.9,25.75,26.2,3881,10166290000.0,42.0,2931,0.7552
2015-06-16,PDUMJEPULP,EQ,25.75,26.45,26.5,24.95,25.85,25.15,25.5,11165,28472725000.0,61.0,10871,0.9737000000000001
2015-06-17,PDUMJEPULP,EQ,25.15,25.1,25.95,25.05,25.9,25.5,25.32,12270,31071109999.999996,110.0,8141,0.6635
2015-06-18,PDUMJEPULP,EQ,25.5,25.5,26.3,25.0,26.0,25.95,25.87,25498,65953940000.0,160.0,22100,0.8667
2015-06-19,PDUMJEPULP,EQ,25.95,25.5,26.3,25.5,26.0,26.1,25.87,3629,9386520000.0,48.0,2590,0.7137000000000001
2015-06-22,PDUMJEPULP,EQ,26.1,25.7,26.0,25.1,25.75,25.95,25.74,2921,7518050000.0,32.0,2053,0.7028
2015-06-23,PDUMJEPULP,EQ,25.95,26.4,29.5,26.0,28.3,28.15,27.94,57187,159752325000.0,437.0,37597,0.6574
2015-06-24,PDUMJEPULP,EQ,28.15,28.8,30.75,28.3,28.35,28.6,29.58,56235,166330435000.0,461.0,32729,0.5820000000000001
2015-06-25,PDUMJEPULP,EQ,28.6,29.0,30.6,27.85,29.8,30.05,29.92,59415,177742120000.0,317.0,39417,0.6634000000000001
2015-06-26,PDUMJEPULP,EQ,30.05,31.9,32.0,29.5,30.6,30.45,30.67,29785,91360745000.0,211.0,21555,0.7237
2015-06-29,PDUMJEPULP,EQ,30.45,29.7,29.7,26.75,29.0,28.65,28.75,9719,27939759999.999996,160.0,6536,0.6725
2015-06-30,PDUMJEPULP,EQ,28.65,29.0,30.3,28.95,29.5,29.45,29.54,21559,63686305000.00001,123.0,15471,0.7176
2015-07-01,PDUMJEPULP,EQ,29.45,29.0,30.6,28.8,29.3,29.5,29.76,11887,35380010000.0,133.0,6386,0.5372
2015-07-02,PDUMJEPULP,EQ,29.5,29.1,30.35,28.2,29.45,29.45,29.61,7498,22202440000.0,100.0,5654,0.7541
2015-07-03,PDUMJEPULP,EQ,29.45,28.85,29.9,26.65,29.2,29.1,29.08,6962,20244855000.0,76.0,6266,0.9
2015-07-06,PDUMJEPULP,EQ,29.1,29.0,34.9,29.0,34.9,34.6,32.93,171532,564810855000.0,792.0,102626,0.5982999999999999
2015-07-07,PDUMJEPULP,EQ,34.6,35.85,37.3,33.1,34.65,34.7,35.85,124078,444850409999.99994,1170.0,69096,0.5569
2015-07-08,PDUMJEPULP,EQ,34.7,34.7,35.5,32.0,33.0,33.85,33.63,43535,146390490000.0,410.0,32638,0.7497
2015-07-09,PDUMJEPULP,EQ,33.85,35.85,35.85,33.1,33.65,33.5,34.15,33224,113469414999.99998,263.0,22372,0.6734
2015-07-10,PDUMJEPULP,EQ,33.5,34.85,34.9,33.5,33.5,33.85,34.03,27399,93227890000.0,167.0,24059,0.8781
2015-07-13,PDUMJEPULP,EQ,33.85,33.8,34.65,32.15,33.35,33.4,33.74,33732,113817920000.0,377.0,24004,0.7116
2015-07-14,PDUMJEPULP,EQ,33.4,33.0,34.45,31.5,32.1,32.45,32.79,53053,173943095000.0,378.0,43944,0.8283
2015-07-15,PDUMJEPULP,EQ,32.45,32.95,34.0,32.15,32.7,32.45,32.71,25859,84592175000.0,184.0,17094,0.6609999999999999
2015-07-16,PDUMJEPULP,EQ,32.45,32.15,33.25,31.1,31.7,31.75,31.8,20207,64261725000.0,179.0,16696,0.8262
2015-07-17,PDUMJEPULP,EQ,31.75,31.35,32.0,30.5,31.7,31.3,31.05,23296,72330500000.0,184.0,17094,0.7338
2015-07-20,PDUMJEPULP,EQ,31.3,32.65,32.9,31.2,31.5,31.5,31.71,7141,22641480000.0,120.0,5277,0.7390000000000001
2015-07-21,PDUMJEPULP,EQ,31.5,31.0,36.0,28.7,34.0,33.55,34.13,92278,314956385000.0,777.0,46859,0.5078
2015-07-22,PDUMJEPULP,EQ,33.55,33.05,34.7,33.05,34.0,34.05,34.25,23046,78941175000.0,228.0,17758,0.7705
2015-07-23,PDUMJEPULP,EQ,34.05,33.25,34.9,33.25,34.3,34.1,34.23,29947,102499040000.0,194.0,22462,0.7501000000000001
2015-07-24,PDUMJEPULP,EQ,34.1,35.2,36.0,34.0,35.95,35.25,34.99,36577,127979830000.0,376.0,25577,0.6993
2015-07-27,PDUMJEPULP,EQ,35.25,35.35,35.95,34.1,34.2,34.2,34.68,6255,21694725000.0,121.0,4566,0.73
2015-07-28,PDUMJEPULP,EQ,34.2,33.2,35.9,33.1,35.0,35.3,34.7,30020,104176020000.0,336.0,22561,0.7515000000000001
2015-07-29,PDUMJEPULP,EQ,35.3,34.55,35.95,34.1,35.5,35.2,35.29,28968,102218440000.0,379.0,21140,0.7298
2015-07-30,PDUMJEPULP,EQ,35.2,35.0,36.95,34.6,35.55,35.65,36.21,46737,169246360000.0,250.0,38400,0.8216
2015-07-31,PDUMJEPULP,EQ,35.65,34.65,35.95,34.65,35.5,35.55,35.53,21034,74735970000.0,363.0,15954,0.7585
2015-08-03,PDUMJEPULP,EQ,35.55,35.0,35.0,30.3,32.25,32.45,32.08,140003,449190915000.00006,1165.0,89162,0.6369
2015-08-04,PDUMJEPULP,EQ,32.45,32.5,33.5,32.25,32.8,32.95,32.87,16243,53395850000.0,176.0,12017,0.7398
2015-08-05,PDUMJEPULP,EQ,32.95,32.55,34.2,32.05,33.2,33.25,33.38,37041,123648305000.0,262.0,32080,0.8661
2015-08-06,PDUMJEPULP,EQ,33.25,32.65,33.5,31.4,31.8,31.5,32.37,37184,120366755000.0,328.0,24710,0.6645000000000001
2015-08-07,PDUMJEPULP,EQ,31.5,32.0,32.4,31.05,31.7,31.8,31.69,15063,47732045000.0,140.0,10626,0.7054
2015-08-10,PDUMJEPULP,EQ,31.8,31.65,32.8,31.6,31.9,32.15,32.18,7535,24245370000.0,137.0,4321,0.5735
2015-08-11,PDUMJEPULP,EQ,32.15,31.6,32.3,30.9,31.0,30.95,31.16,14028,43705675000.0,101.0,7398,0.5274
2015-08-12,PDUMJEPULP,EQ,30.95,31.1,31.9,30.1,30.95,30.6,30.56,15913,48636660000.0,113.0,8720,0.5479999999999999
2015-08-13,PDUMJEPULP,EQ,30.6,30.1,31.05,29.6,30.35,30.7,30.77,15338,47197690000.0,108.0,12635,0.8238
2015-08-14,PDUMJEPULP,EQ,30.7,31.0,31.0,30.05,30.05,30.3,30.5,4035,12306480000.0,34.0,3696,0.9159999999999999
2015-08-17,PDUMJEPULP,EQ,30.3,30.1,30.9,28.7,29.15,29.0,29.07,15731,45729950000.0,155.0,11390,0.7240000000000001
2015-08-18,PDUMJEPULP,EQ,29.0,29.15,30.0,28.5,28.85,28.85,28.97,12831,37174645000.0,134.0,10456,0.8149
2015-08-19,PDUMJEPULP,EQ,28.85,28.7,30.35,28.25,28.65,29.0,29.18,29559,86258490000.0,114.0,27097,0.9167000000000001
2015-08-20,PDUMJEPULP,EQ,29.0,29.65,30.1,29.2,30.1,29.9,29.88,29675,88663360000.0,93.0,24821,0.8364
2015-08-21,PDUMJEPULP,EQ,29.9,28.7,30.5,28.7,30.0,30.4,29.47,16083,47398695000.0,41.0,13728,0.8536
2015-08-24,PDUMJEPULP,EQ,30.4,29.75,30.3,27.75,29.15,28.6,29.63,31580,93555825000.0,170.0,23545,0.7456
2015-08-25,PDUMJEPULP,EQ,28.6,28.0,28.95,26.05,28.95,28.85,27.96,10104,28255634999.999996,63.0,8030,0.7947
2015-08-26,PDUMJEPULP,EQ,28.85,28.5,29.8,28.0,28.05,28.7,28.56,16294,46532915000.0,177.0,7148,0.4387
2015-08-27,PDUMJEPULP,EQ,28.7,29.0,29.1,28.1,28.75,28.75,28.56,10831,30934045000.0,70.0,10151,0.9372
2015-08-28,PDUMJEPULP,EQ,28.75,29.8,29.8,28.5,28.5,28.5,29.13,4267,12431865000.0,57.0,2104,0.49310000000000004
2015-08-31,PDUMJEPULP,EQ,28.5,28.3,28.35,27.15,28.2,27.55,27.72,2418,6702535000.000001,52.0,1851,0.7655
2015-09-01,PDUMJEPULP,EQ,27.55,27.5,27.5,26.8,26.8,26.85,27.12,2859,7754810000.000001,32.0,2757,0.9643
2015-09-02,PDUMJEPULP,EQ,26.85,28.6,28.65,25.0,25.0,26.25,26.78,9166,24545175000.0,92.0,6879,0.7505
2015-09-03,PDUMJEPULP,EQ,26.25,27.0,27.0,25.3,26.5,26.5,25.83,7164,18503035000.0,43.0,5000,0.6979000000000001
2015-09-04,PDUMJEPULP,EQ,26.5,26.0,26.5,24.25,25.15,25.7,25.3,7807,19752510000.0,64.0,6183,0.792
2015-09-07,PDUMJEPULP,EQ,25.7,25.4,26.9,25.0,26.4,26.4,25.83,6713,17339360000.0,34.0,5459,0.8131999999999999
2015-09-08,PDUMJEPULP,EQ,26.4,26.0,26.7,24.7,26.0,26.0,25.53,23931,61091394999.99999,128.0,20056,0.8381000000000001
2015-09-09,PDUMJEPULP,EQ,26.0,26.6,27.0,24.7,26.0,25.8,25.84,55901,144450405000.0,422.0,35437,0.6339
2015-09-10,PDUMJEPULP,EQ,25.8,25.5,26.5,24.65,25.5,25.5,25.6,15172,38836290000.0,79.0,11030,0.7270000000000001
2015-09-11,PDUMJEPULP,EQ,25.5,25.35,25.95,25.05,25.4,25.8,25.51,8657,22083605000.0,33.0,5454,0.63
2015-09-14,PDUMJEPULP,EQ,25.8,26.45,28.0,26.0,27.7,27.4,26.7,8994,24010605000.0,53.0,6897,0.7668
2015-09-15,PDUMJEPULP,EQ,27.4,27.0,28.0,26.5,26.55,26.6,27.28,4976,13576795000.000002,51.0,4260,0.8561
2015-09-16,PDUMJEPULP,EQ,26.6,26.65,26.7,26.45,26.45,26.55,26.6,576,1532170000.0,6.0,400,0.6944
2015-09-18,PDUMJEPULP,EQ,26.55,26.3,27.25,25.9,26.05,26.05,26.44,2680,7085275000.0,48.0,1816,0.6776000000000001
2015-09-21,PDUMJEPULP,EQ,26.05,27.95,28.85,27.0,27.75,27.75,27.58,5741,15831440000.0,39.0,3695,0.6436000000000001
2015-09-22,PDUMJEPULP,EQ,27.75,28.25,29.7,27.9,28.5,28.4,28.41,6649,18892125000.0,76.0,3629,0.5458
2015-09-23,PDUMJEPULP,EQ,28.4,29.4,29.5,27.7,28.25,28.65,28.73,5169,14850750000.0,49.0,3311,0.6405
2015-09-24,PDUMJEPULP,EQ,28.65,28.4,28.6,27.0,28.2,28.3,27.92,7277,20315175000.0,56.0,6326,0.8693000000000001
2015-09-28,PDUMJEPULP,EQ,28.3,28.5,29.5,28.15,28.15,28.15,28.78,2972,8554095000.0,15.0,1802,0.6063000000000001
2015-09-29,PDUMJEPULP,EQ,28.15,27.8,28.2,26.55,27.8,27.85,27.78,3660,10165930000.0,62.0,2231,0.6096
2015-09-30,PDUMJEPULP,EQ,27.85,28.1,29.7,28.1,28.25,28.25,28.9,1821,5261875000.0,14.0,1673,0.9187000000000001
2015-10-01,PDUMJEPULP,EQ,28.25,28.15,29.0,28.15,28.3,28.3,28.89,2450,7077000000.0,4.0,2350,0.9592
2015-10-05,PDUMJEPULP,EQ,28.3,28.1,28.7,27.7,28.7,27.75,27.91,4232,11813485000.0,19.0,4220,0.9972
2015-10-06,PDUMJEPULP,EQ,27.75,29.0,29.0,28.0,28.0,28.0,28.14,3650,10271000000.0,16.0,3642,0.9978
2015-10-07,PDUMJEPULP,EQ,28.0,27.6,29.0,27.6,29.0,28.75,28.55,8102,23130990000.0,36.0,8093,0.9989
2015-10-08,PDUMJEPULP,EQ,28.75,28.5,29.65,27.55,28.1,28.1,28.08,544,1527430000.0,10.0,535,0.9834999999999999
2015-10-09,PDUMJEPULP,EQ,28.1,29.5,29.5,28.1,28.1,28.2,28.22,2854,8052739999.999999,8.0,2239,0.7845000000000001
2015-10-12,PDUMJEPULP,EQ,28.2,27.85,28.45,26.3,28.0,28.0,27.68,2737,7576714999.999999,21.0,2653,0.9693
2015-10-13,PDUMJEPULP,EQ,28.0,28.85,29.0,28.2,28.35,28.35,28.95,7059,20432300000.0,16.0,5759,0.8158
2015-10-14,PDUMJEPULP,EQ,28.35,28.9,28.9,27.3,27.8,27.8,27.69,12297,34045584999.999996,37.0,11319,0.9205
2015-10-15,PDUMJEPULP,EQ,27.8,29.0,29.0,26.9,27.4,27.05,27.55,10664,29382855000.0,63.0,10218,0.9581999999999999
2015-10-16,PDUMJEPULP,EQ,27.05,27.5,27.5,25.6,26.95,26.5,26.59,5353,14233710000.0,54.0,4489,0.8386
2015-10-19,PDUMJEPULP,EQ,26.5,26.5,26.5,24.4,25.65,25.05,25.47,6717,17106175000.0,67.0,5955,0.8865999999999999
2015-10-20,PDUMJEPULP,EQ,25.05,25.05,27.45,24.6,24.9,25.5,25.33,8986,22761605000.0,60.0,5729,0.6375000000000001
2015-10-21,PDUMJEPULP,EQ,25.5,25.5,26.5,24.35,25.5,25.4,25.3,5275,13348140000.0,42.0,3705,0.7023999999999999
2015-10-23,PDUMJEPULP,EQ,25.4,25.3,29.0,25.3,26.5,26.5,27.06,5668,15339190000.0,34.0,5566,0.9820000000000001
2015-10-26,PDUMJEPULP,EQ,26.5,27.5,28.9,26.9,27.5,27.5,27.75,8028,22278770000.0,33.0,6890,0.8582
2015-10-27,PDUMJEPULP,EQ,27.5,28.1,28.45,27.95,28.05,28.05,28.09,11219,31512550000.0,57.0,9050,0.8067000000000001
2015-10-28,PDUMJEPULP,EQ,28.05,28.45,30.0,28.45,29.25,29.25,29.08,8435,24528360000.0,52.0,7510,0.8903
2015-10-29,PDUMJEPULP,EQ,29.25,29.0,29.5,27.6,28.0,28.7,28.64,1695,4854025000.0,45.0,1388,0.8189000000000001
2015-10-30,PDUMJEPULP,EQ,28.7,28.25,28.5,27.4,27.6,27.8,27.83,1222,3401090000.0,17.0,1008,0.8249
2015-11-02,PDUMJEPULP,EQ,27.8,32.0,33.35,31.3,33.35,33.35,33.19,425623,1412816955000.0,1249.0,174206,0.4093
2015-11-03,PDUMJEPULP,EQ,33.35,34.1,34.85,30.6,31.0,31.0,32.16,107557,345896090000.0,939.0,65504,0.609
2015-11-04,PDUMJEPULP,EQ,31.0,31.85,31.9,30.55,31.3,31.45,31.41,17093,53692850000.0,140.0,11486,0.672
2015-11-05,PDUMJEPULP,EQ,31.45,31.4,31.4,28.75,29.85,29.65,29.68,24485,72667355000.0,139.0,17603,0.7189
2015-11-06,PDUMJEPULP,EQ,29.65,29.0,30.35,28.9,30.15,29.95,29.6,17353,51373470000.0,94.0,11048,0.6367
2015-11-09,PDUMJEPULP,EQ,29.95,29.95,31.85,29.95,31.15,31.7,31.09,15465,48077465000.0,94.0,12656,0.8184
2015-11-10,PDUMJEPULP,EQ,31.7,32.5,33.9,30.05,31.35,31.2,31.45,6558,20622855000.0,90.0,4672,0.7123999999999999
2015-11-11,PDUMJEPULP,EQ,31.2,30.05,31.9,30.05,31.0,31.3,31.26,13641,42638240000.0,73.0,11923,0.8741
2015-11-13,PDUMJEPULP,EQ,31.3,31.8,32.75,31.2,32.6,32.55,31.98,39715,127013600000.0,223.0,26164,0.6587999999999999
2015-11-16,PDUMJEPULP,EQ,32.55,32.0,33.35,32.0,33.3,33.15,33.0,22684,74859815000.0,142.0,19616,0.8648
2015-11-17,PDUMJEPULP,EQ,33.15,33.45,33.5,32.5,32.5,32.6,33.02,21854,72167775000.0,79.0,17344,0.7936
2015-11-18,PDUMJEPULP,EQ,32.6,32.0,33.25,32.0,33.0,32.9,32.65,15569,50835890000.0,88.0,11311,0.7265
2015-11-19,PDUMJEPULP,EQ,32.9,33.9,36.0,33.1,34.9,34.9,34.81,53559,186438945000.0,405.0,36068,0.6734
2015-11-20,PDUMJEPULP,EQ,34.9,35.0,37.0,34.75,35.8,36.2,36.3,89711,325647765000.0,329.0,67365,0.7509
2015-11-23,PDUMJEPULP,EQ,36.2,37.5,39.4,35.9,39.0,38.9,37.82,132328,500427595000.0,705.0,97039,0.7333
2015-11-24,PDUMJEPULP,EQ,38.9,39.9,41.0,39.0,40.5,40.15,39.98,88703,354653820000.0,521.0,53360,0.6016
2015-11-26,PDUMJEPULP,EQ,40.15,40.7,42.0,39.0,40.85,40.85,40.85,104565,427101650000.0,614.0,65879,0.63
2015-11-27,PDUMJEPULP,EQ,40.85,40.85,40.85,38.0,39.0,39.25,39.37,33719,132754885000.00002,234.0,21854,0.6481
2015-11-30,PDUMJEPULP,EQ,39.25,39.1,40.8,36.65,39.0,38.9,39.64,38492,152581635000.0,315.0,28200,0.7326
2015-12-01,PDUMJEPULP,EQ,38.9,38.85,41.3,38.8,38.85,39.05,39.68,37283,147946370000.0,195.0,29241,0.7843000000000001
2015-12-02,PDUMJEPULP,EQ,39.05,39.25,46.85,35.5,44.6,44.9,44.38,718249,3187322110000.0,4216.0,267536,0.3725
2015-12-03,PDUMJEPULP,EQ,44.9,45.1,45.5,42.5,43.15,43.2,44.01,99435,437662730000.0,1584.0,58199,0.5853
2015-12-04,PDUMJEPULP,EQ,43.2,42.8,48.9,41.5,47.45,47.05,46.71,365997,1709434250000.0,2977.0,163420,0.4465
2015-12-07,PDUMJEPULP,EQ,47.05,48.1,52.95,47.95,51.75,51.5,51.06,314069,1603529590000.0,2904.0,164162,0.5227
2015-12-08,PDUMJEPULP,EQ,51.5,51.45,53.8,48.65,49.4,49.45,51.18,170354,871862700000.0,1934.0,82904,0.4867
2015-12-09,PDUMJEPULP,EQ,49.45,49.3,49.35,41.45,43.25,42.55,44.49,164325,731148265000.0,2291.0,73574,0.44770000000000004
2015-12-10,PDUMJEPULP,EQ,42.55,44.9,46.5,41.6,44.35,44.9,44.43,72176,320646520000.0,865.0,39162,0.5426
2015-12-11,PDUMJEPULP,EQ,44.9,44.9,47.9,43.95,44.85,44.6,45.75,98817,452070640000.00006,819.0,49988,0.5059
2015-12-14,PDUMJEPULP,EQ,44.6,44.0,45.85,44.0,44.5,44.75,44.72,31707,141797825000.0,302.0,15464,0.4877
2015-12-15,PDUMJEPULP,EQ,44.75,45.7,47.7,44.05,46.35,46.75,46.09,79362,365797980000.0,496.0,50753,0.6395000000000001
2015-12-16,PDUMJEPULP,EQ,46.75,47.35,49.4,45.75,46.1,46.35,47.04,71794,337694520000.0,540.0,41289,0.5751
2015-12-17,PDUMJEPULP,EQ,46.35,46.2,48.6,46.2,48.45,48.15,47.88,48297,231260860000.0,629.0,25718,0.5325
2015-12-18,PDUMJEPULP,EQ,48.15,48.0,49.1,46.8,48.5,47.85,48.16,46501,223958879999.99997,612.0,27948,0.601
2015-12-21,PDUMJEPULP,EQ,47.85,49.5,52.5,47.9,52.4,50.75,49.42,109422,540816545000.0,1051.0,69216,0.6325999999999999
2015-12-22,PDUMJEPULP,EQ,50.75,54.7,54.7,51.05,52.7,52.9,53.21,131456,699492505000.0,1160.0,77814,0.5919
2015-12-23,PDUMJEPULP,EQ,52.9,53.0,53.8,50.0,51.0,50.75,51.84,50297,260744445000.00003,576.0,32810,0.6523000000000001
2015-12-24,PDUMJEPULP,EQ,50.75,51.0,52.5,50.15,52.0,51.5,51.58,43517,224445765000.0,486.0,28302,0.6504000000000001
2015-12-28,PDUMJEPULP,EQ,51.5,53.0,53.0,50.1,50.8,51.25,51.52,47376,244086160000.0,402.0,32506,0.6861
2015-12-29,PDUMJEPULP,EQ,51.25,50.4,52.85,50.4,51.75,51.85,51.87,40066,207822490000.0,384.0,24518,0.6119
2015-12-30,PDUMJEPULP,EQ,51.85,52.85,52.85,50.5,51.0,50.7,51.4,22662,116477745000.0,236.0,15564,0.6868000000000001
2015-12-31,PDUMJEPULP,EQ,50.7,51.1,51.4,47.65,50.4,50.35,50.31,42217,212396945000.00003,505.0,24072,0.5702
2016-01-01,PDUMJEPULP,EQ,50.35,50.95,52.35,48.05,49.9,50.05,50.22,51529,258791040000.0,526.0,31133,0.6042000000000001
2016-01-04,PDUMJEPULP,EQ,50.05,50.0,50.0,46.4,49.0,48.7,48.34,66942,323599780000.0,893.0,35498,0.5303
2016-01-05,PDUMJEPULP,EQ,48.7,50.0,50.5,48.25,49.45,48.95,49.22,25397,125004560000.00002,280.0,17590,0.6926000000000001
2016-01-06,PDUMJEPULP,EQ,48.95,49.1,53.9,47.3,52.95,52.0,52.08,155010,807263300000.0,1154.0,95453,0.6158
2016-01-07,PDUMJEPULP,EQ,52.0,51.0,51.0,49.05,50.7,49.4,49.83,68250,340091410000.0,500.0,53714,0.787
2016-01-08,PDUMJEPULP,EQ,49.4,51.0,52.0,48.1,50.4,49.95,50.16,32718,164107850000.0,421.0,18680,0.5709000000000001
2016-01-11,PDUMJEPULP,EQ,49.95,50.0,55.8,50.0,54.0,53.7,54.21,213553,1157608405000.0,2382.0,103256,0.48350000000000004
2016-01-12,PDUMJEPULP,EQ,53.7,53.95,55.95,52.15,52.55,52.65,54.14,76685,415153905000.0,957.0,46078,0.6009000000000001
2016-01-13,PDUMJEPULP,EQ,52.65,52.85,54.4,44.25,48.5,49.0,47.63,151642,722306375000.0,1314.0,77244,0.5094
2016-01-14,PDUMJEPULP,EQ,49.0,48.0,48.0,44.4,46.8,47.1,46.47,52721,244999115000.0,612.0,30585,0.5801
2016-01-15,PDUMJEPULP,EQ,47.1,48.5,48.9,43.45,43.6,44.0,45.63,31354,143074090000.0,383.0,20782,0.6628000000000001
2016-01-18,PDUMJEPULP,EQ,44.0,42.2,44.5,38.0,38.5,38.65,40.13,73108,293415820000.0,935.0,41215,0.5638000000000001
2016-01-19,PDUMJEPULP,EQ,38.65,38.0,40.85,37.15,40.0,40.15,39.96,68261,272803595000.00003,556.0,43219,0.6331
2016-01-20,PDUMJEPULP,EQ,40.15,39.95,39.95,36.55,37.95,37.8,37.93,53848,204240315000.0,584.0,37836,0.7026000000000001
2016-01-21,PDUMJEPULP,EQ,37.8,38.85,39.5,37.8,39.5,39.05,38.68,37211,143922250000.0,277.0,23974,0.6443000000000001
2016-01-22,PDUMJEPULP,EQ,39.05,42.0,43.0,40.0,42.1,42.25,42.04,55308,232519160000.0,385.0,39397,0.7123
2016-01-25,PDUMJEPULP,EQ,42.25,41.2,43.85,41.2,42.8,43.15,43.18,31044,134062905000.0,261.0,21493,0.6923
2016-01-27,PDUMJEPULP,EQ,43.15,42.8,43.75,41.2,41.55,41.95,42.04,18505,77795660000.0,260.0,12132,0.6556000000000001
2016-01-28,PDUMJEPULP,EQ,41.95,42.65,42.95,41.3,41.85,41.7,41.85,18162,76013010000.0,177.0,10862,0.5981000000000001
2016-01-29,PDUMJEPULP,EQ,41.7,42.0,44.45,42.0,43.5,43.55,43.13,21542,92909760000.0,270.0,15647,0.7263
2016-02-01,PDUMJEPULP,EQ,43.55,43.6,44.8,42.25,43.95,43.65,43.74,23579,103136040000.0,222.0,13805,0.5855
2016-02-02,PDUMJEPULP,EQ,43.65,44.2,45.0,43.5,44.5,44.3,44.4,48665,216086254999.99997,374.0,36305,0.746
2016-02-03,PDUMJEPULP,EQ,44.3,44.0,44.0,42.3,42.7,42.6,42.91,29325,125846014999.99998,236.0,21665,0.7388
2016-02-04,PDUMJEPULP,EQ,42.6,43.0,49.8,42.65,44.35,44.4,45.69,111970,511589180000.0,1248.0,57561,0.5141
2016-02-05,PDUMJEPULP,EQ,44.4,44.5,47.95,42.5,47.95,47.5,46.22,60384,279097035000.0,749.0,44351,0.7345
2016-02-08,PDUMJEPULP,EQ,47.5,49.5,49.5,46.3,47.0,47.05,48.34,51615,249487304999.99997,494.0,33140,0.6421
2016-02-09,PDUMJEPULP,EQ,47.05,48.8,48.8,42.0,43.0,43.0,44.21,95674,422942734999.99994,823.0,62813,0.6565000000000001
2016-02-10,PDUMJEPULP,EQ,43.0,42.8,42.8,38.5,42.0,41.4,40.87,76133,311143620000.0,942.0,54930,0.7215
2016-02-25,PDUMJEPULP,EQ,18.75,17.45,17.45,16.9,16.9,16.9,17.03,1300,2213535000.0,20.0,1298,0.9984999999999999
2016-02-26,PDUMJEPULP,EQ,16.9,15.25,16.0,15.25,15.25,15.25,15.42,25045,38617455000.0,79.0,21561,0.8609
2016-02-29,PDUMJEPULP,EQ,15.25,15.25,15.5,14.35,15.35,15.35,14.78,6512,9623490000.0,37.0,4304,0.6609
2016-03-01,PDUMJEPULP,EQ,15.35,16.7,16.7,14.05,15.0,15.25,15.22,7601,11568505000.0,37.0,7491,0.9855
2016-03-02,PDUMJEPULP,EQ,15.25,16.0,16.0,15.05,15.35,15.35,15.55,12244,19039370000.0,104.0,10077,0.823
2016-03-03,PDUMJEPULP,EQ,15.35,15.7,16.85,15.25,16.85,16.85,16.06,3489,5603500000.0,44.0,2837,0.8131
2016-03-04,PDUMJEPULP,EQ,16.85,18.35,18.5,17.1,18.5,18.5,18.3,33730,61715019999.99999,150.0,29145,0.8641
2016-03-08,PDUMJEPULP,EQ,18.5,20.25,20.35,19.15,20.35,20.35,20.12,14865,29909834999.999996,63.0,11002,0.7401000000000001
2016-03-09,PDUMJEPULP,EQ,20.35,21.35,21.35,21.35,21.35,21.35,21.35,3438,7340130000.0,11.0,3438,1.0
2016-03-10,PDUMJEPULP,EQ,21.35,22.4,22.4,22.4,22.4,22.4,22.4,2921,6543040000.0,7.0,2921,1.0
2016-03-11,PDUMJEPULP,EQ,22.4,23.5,23.5,23.5,23.5,23.5,23.5,22860,53721000000.0,16.0,22859,1.0
2016-03-14,PDUMJEPULP,EQ,23.5,24.65,24.65,22.35,23.35,22.9,22.98,45907,105483564999.99998,198.0,28377,0.6181
2016-03-15,PDUMJEPULP,EQ,22.9,22.95,22.95,21.8,22.2,22.1,21.97,21062,46269715000.0,82.0,16892,0.802
2016-03-16,PDUMJEPULP,EQ,22.1,21.05,23.2,21.0,22.8,22.8,22.29,2901,6467460000.0,24.0,2409,0.8304
2016-03-17,PDUMJEPULP,EQ,22.8,22.5,22.65,21.7,21.7,21.7,22.0,7416,16317260000.0,63.0,6801,0.9170999999999999
2016-03-18,PDUMJEPULP,EQ,21.7,21.5,22.15,21.4,21.6,21.6,21.72,2999,6514375000.0,19.0,2750,0.917
2016-03-21,PDUMJEPULP,EQ,21.6,21.6,22.15,20.65,20.8,20.9,20.93,4582,9590840000.0,46.0,3432,0.7490000000000001
2016-03-22,PDUMJEPULP,EQ,20.9,20.2,20.9,20.15,20.9,20.8,20.31,3611,7335425000.0,22.0,3565,0.9873000000000001
2016-03-23,PDUMJEPULP,EQ,20.8,21.45,21.45,19.8,20.25,20.15,20.14,19123,38517150000.0,61.0,13324,0.6968000000000001
2016-03-28,PDUMJEPULP,EQ,20.15,20.0,20.5,20.0,20.0,20.0,20.23,8434,17064250000.0,14.0,8434,1.0
2016-03-29,PDUMJEPULP,EQ,20.0,19.25,20.75,19.25,20.5,20.5,20.22,7055,14267950000.0,12.0,6655,0.9433
2016-03-30,PDUMJEPULP,EQ,20.5,20.0,20.5,19.5,19.95,19.7,19.82,10400,20615980000.0,46.0,8139,0.7826000000000001
2016-03-31,PDUMJEPULP,EQ,19.7,19.5,20.0,18.75,19.5,19.3,19.59,17012,33330130000.0,55.0,13815,0.8120999999999999
2016-04-01,PDUMJEPULP,EQ,19.3,18.75,20.7,18.75,19.1,19.1,19.55,11459,22403910000.0,46.0,8765,0.7648999999999999
2016-04-04,PDUMJEPULP,EQ,19.1,20.0,20.0,17.25,19.0,18.75,18.25,32408,59157455000.00001,95.0,24922,0.7690000000000001
2016-04-05,PDUMJEPULP,EQ,18.75,18.85,19.5,18.05,18.2,18.2,18.73,8776,16435665000.0,28.0,6217,0.7084
2016-04-06,PDUMJEPULP,EQ,18.2,18.15,19.3,18.15,18.5,18.6,18.75,2012,3773315000.0,24.0,1627,0.8086
2016-04-07,PDUMJEPULP,EQ,18.6,18.5,19.45,17.5,19.35,19.3,18.91,21751,41140695000.0,107.0,14321,0.6584000000000001
2016-04-08,PDUMJEPULP,EQ,19.3,18.7,19.95,17.45,18.0,18.05,18.03,50463,90989350000.0,170.0,33699,0.6678000000000001
2016-04-11,PDUMJEPULP,EQ,18.05,18.15,18.7,18.15,18.4,18.4,18.35,12126,22253950000.0,48.0,10425,0.8597
2016-04-12,PDUMJEPULP,EQ,18.4,18.8,18.8,18.0,18.25,18.25,18.27,22440,40990915000.0,100.0,19089,0.8506999999999999
2016-04-13,PDUMJEPULP,EQ,18.25,18.2,18.95,17.7,18.0,17.85,18.17,14700,26716220000.0,69.0,11946,0.8127
2016-04-18,PDUMJEPULP,EQ,17.85,18.0,18.65,17.5,18.3,18.35,18.16,23134,42021395000.0,92.0,21049,0.9098999999999999
2016-04-20,PDUMJEPULP,EQ,18.35,18.05,20.15,18.0,19.0,18.95,18.93,35479,67177840000.0,197.0,31305,0.8824
2016-04-21,PDUMJEPULP,EQ,18.95,19.7,20.3,18.15,18.6,18.45,18.56,44929,83397075000.0,94.0,40099,0.8925000000000001
2016-04-22,PDUMJEPULP,EQ,18.45,18.1,18.85,18.0,18.5,18.6,18.25,6391,11660460000.0,36.0,5310,0.8309000000000001
2016-04-25,PDUMJEPULP,EQ,18.6,19.1,19.1,18.55,18.55,18.55,18.62,7577,14110000000.0,13.0,7577,1.0
2016-04-26,PDUMJEPULP,EQ,18.55,18.5,19.05,17.85,18.4,18.45,18.47,11886,21950595000.0,59.0,10980,0.9238
2016-04-27,PDUMJEPULP,EQ,18.45,18.0,19.6,18.0,18.25,18.25,18.41,8685,15991520000.000002,49.0,6032,0.6945
2016-04-28,PDUMJEPULP,EQ,18.25,19.0,19.0,17.1,18.35,18.3,18.06,15419,27841465000.000004,45.0,14091,0.9139
2016-04-29,PDUMJEPULP,EQ,18.3,18.75,18.75,18.15,18.25,18.25,18.49,2193,4053900000.0,15.0,2188,0.9977
2016-05-02,PDUMJEPULP,EQ,18.25,17.0,18.5,17.0,17.95,17.7,17.64,3973,7007185000.000001,31.0,3329,0.8379000000000001
2016-05-03,PDUMJEPULP,EQ,17.7,16.25,18.45,16.25,17.55,17.6,17.42,13277,23132720000.0,39.0,8826,0.6648000000000001
2016-05-04,PDUMJEPULP,EQ,17.6,17.0,18.9,17.0,17.0,17.1,17.26,9779,16877810000.0,45.0,6487,0.6634000000000001
2016-05-05,PDUMJEPULP,EQ,17.1,17.05,18.0,16.25,16.75,16.6,16.84,5549,9345215000.0,64.0,4122,0.7428
2016-05-06,PDUMJEPULP,EQ,16.6,16.6,17.0,16.25,16.9,16.6,16.66,4247,7075114999.999999,36.0,3572,0.8411
2016-05-09,PDUMJEPULP,EQ,16.6,16.9,18.0,16.55,17.5,17.25,17.22,12457,21450125000.0,61.0,9603,0.7709
2016-05-10,PDUMJEPULP,EQ,17.25,17.9,18.45,16.15,17.4,16.9,17.31,10619,18377000000.0,105.0,5983,0.5634
2016-05-11,PDUMJEPULP,EQ,16.9,16.7,17.45,16.15,16.55,16.7,16.69,3706,6183600000.0,32.0,2316,0.6249
2016-05-12,PDUMJEPULP,EQ,16.7,17.4,17.4,16.5,16.8,16.8,16.75,11339,18993530000.0,56.0,7751,0.6836
2016-05-13,PDUMJEPULP,EQ,16.8,16.5,16.9,15.85,16.9,16.85,16.5,23187,38253415000.0,53.0,19372,0.8355
2016-05-16,PDUMJEPULP,EQ,16.85,16.5,16.8,15.15,16.0,15.95,15.95,36761,58620550000.0,127.0,21303,0.5795
2016-05-17,PDUMJEPULP,EQ,15.95,16.0,16.6,15.55,16.15,16.05,16.13,15084,24335915000.0,68.0,9631,0.6385000000000001
2016-05-18,PDUMJEPULP,EQ,16.05,15.6,16.0,15.0,16.0,15.9,15.36,24378,37433960000.0,110.0,17640,0.7236
2016-05-19,PDUMJEPULP,EQ,15.9,16.4,16.4,15.25,15.25,15.3,15.5,10365,16068070000.000002,52.0,7746,0.7473000000000001
2016-05-20,PDUMJEPULP,EQ,15.3,15.2,16.0,15.0,15.25,15.35,15.56,13595,21157770000.0,74.0,9727,0.7155
2016-05-23,PDUMJEPULP,EQ,15.35,15.2,16.1,15.1,15.35,15.55,15.43,5195,8015625000.0,50.0,3725,0.7170000000000001
2016-05-24,PDUMJEPULP,EQ,15.55,15.1,16.25,15.05,15.15,15.15,15.42,7922,12212690000.0,42.0,5707,0.7204
2016-05-25,PDUMJEPULP,EQ,15.15,15.05,15.5,14.75,15.5,15.5,15.28,6325,9661615000.0,32.0,4940,0.7809999999999999
2016-05-26,PDUMJEPULP,EQ,15.5,16.0,16.0,15.0,15.6,15.6,15.46,6071,9385570000.0,55.0,4404,0.7254
2016-05-27,PDUMJEPULP,EQ,15.6,15.9,15.9,15.2,15.3,15.3,15.41,13702,21110580000.0,63.0,10746,0.7843000000000001
2016-05-30,PDUMJEPULP,EQ,15.3,15.0,15.6,14.6,15.05,14.95,15.08,46896,70721935000.0,120.0,29367,0.6262
2016-05-31,PDUMJEPULP,EQ,14.95,15.45,15.45,14.6,14.6,14.6,14.72,3584,5276950000.0,25.0,3533,0.9858
2016-06-01,PDUMJEPULP,EQ,14.6,14.6,15.4,14.4,14.7,14.5,14.62,46887,68527435000.0,109.0,42094,0.8978
2016-06-02,PDUMJEPULP,EQ,14.5,14.7,14.85,14.25,14.85,14.75,14.52,5663,8222135000.000001,62.0,3867,0.6829000000000001
2016-06-03,PDUMJEPULP,EQ,14.75,15.0,15.1,14.5,14.5,14.5,14.69,12967,19044850000.0,73.0,9399,0.7248
2016-06-06,PDUMJEPULP,EQ,14.5,14.3,14.5,13.45,14.2,14.35,14.25,6620,9432145000.0,40.0,4856,0.7334999999999999
2016-06-07,PDUMJEPULP,EQ,14.35,14.2,14.5,14.0,14.5,14.5,14.36,7670,11011645000.0,46.0,5890,0.7679
2016-06-08,PDUMJEPULP,EQ,14.5,14.55,14.95,14.3,14.8,14.55,14.55,5079,7390939999.999999,39.0,1262,0.24850000000000003
2016-06-09,PDUMJEPULP,EQ,14.55,14.95,14.95,14.35,14.5,14.5,14.64,2311,3384225000.0,10.0,2011,0.8702
2016-06-10,PDUMJEPULP,EQ,14.5,14.4,14.9,14.2,14.35,14.3,14.42,4909,7080085000.000001,28.0,4721,0.9617
2016-06-13,PDUMJEPULP,EQ,14.3,14.25,14.9,14.0,14.85,14.65,14.4,15584,22441785000.0,127.0,8364,0.5367000000000001
2016-06-14,PDUMJEPULP,EQ,14.65,14.5,14.95,14.5,14.85,14.55,14.54,5360,7793480000.0,23.0,4250,0.7929
2016-06-15,PDUMJEPULP,EQ,14.55,14.85,16.55,14.2,15.7,15.35,15.07,6889,10380970000.0,73.0,4244,0.6161
2016-06-16,PDUMJEPULP,EQ,15.35,15.8,15.9,15.05,15.9,15.6,15.33,15104,23147425000.0,55.0,12544,0.8305
2016-06-17,PDUMJEPULP,EQ,15.6,15.5,15.5,14.95,15.4,15.0,15.33,8641,13243245000.000002,41.0,6085,0.7042
2016-06-20,PDUMJEPULP,EQ,15.0,15.4,15.8,15.2,15.3,15.25,15.54,16233,25227380000.0,52.0,13602,0.8379000000000001
2016-06-21,PDUMJEPULP,EQ,15.25,15.05,16.45,15.05,15.65,15.8,15.59,18446,28748870000.0,50.0,16703,0.9055
2016-06-22,PDUMJEPULP,EQ,15.8,16.4,16.45,15.65,16.0,16.15,16.14,28826,46511750000.0,101.0,23678,0.8214
2016-06-23,PDUMJEPULP,EQ,16.15,16.8,17.0,15.6,16.1,15.9,15.81,3042,4810550000.0,38.0,2519,0.8281000000000001
2016-06-24,PDUMJEPULP,EQ,15.9,15.4,15.75,14.2,15.6,15.6,15.41,9325,14370645000.000002,41.0,8115,0.8702
2016-06-27,PDUMJEPULP,EQ,15.6,16.2,16.7,15.3,15.95,15.4,15.44,9664,14922545000.000002,57.0,9410,0.9737000000000001
2016-06-28,PDUMJEPULP,EQ,15.4,15.95,15.95,15.2,15.4,15.4,15.45,5355,8271555000.0,41.0,4613,0.8614
2016-06-29,PDUMJEPULP,EQ,15.4,15.2,15.9,15.0,15.55,15.55,15.13,15546,23518590000.0,46.0,13691,0.8806999999999999
2016-06-30,PDUMJEPULP,EQ,15.55,16.2,16.2,15.2,15.4,15.35,15.43,11814,18227395000.0,44.0,7601,0.6434000000000001
2016-07-01,PDUMJEPULP,EQ,15.35,15.55,15.55,15.0,15.0,15.0,15.14,4654,7047525000.0,28.0,4427,0.9512
2016-07-04,PDUMJEPULP,EQ,15.0,15.0,18.0,14.95,18.0,18.0,17.36,220822,383309805000.0,726.0,67854,0.3073
2016-07-05,PDUMJEPULP,EQ,18.0,18.7,21.3,18.55,20.6,20.35,20.15,297265,599062760000.0,1352.0,102584,0.34509999999999996
2016-07-07,PDUMJEPULP,EQ,20.35,20.95,23.5,20.55,22.3,22.3,22.14,176151,389983345000.0,933.0,120490,0.684
2016-07-08,PDUMJEPULP,EQ,22.3,22.25,22.3,20.35,20.9,20.9,21.01,44728,93989360000.0,455.0,32030,0.7161
2016-07-11,PDUMJEPULP,EQ,20.9,21.5,22.6,20.1,21.35,20.7,21.17,26880,56894485000.0,130.0,20613,0.7669
2016-07-12,PDUMJEPULP,EQ,20.7,21.3,21.5,19.75,19.75,20.25,20.58,21612,44469935000.0,95.0,14547,0.6731
2016-07-13,PDUMJEPULP,EQ,20.25,19.7,20.4,18.55,19.4,19.35,19.75,28472,56237035000.0,164.0,22026,0.7736000000000001
2016-07-14,PDUMJEPULP,EQ,19.35,19.0,19.7,18.65,19.5,19.3,19.02,21653,41185060000.0,120.0,17841,0.8240000000000001
2016-07-15,PDUMJEPULP,EQ,19.3,19.0,19.9,18.5,19.0,18.85,19.02,10006,19030455000.0,75.0,7366,0.7362000000000001
2016-07-18,PDUMJEPULP,EQ,18.85,18.6,19.4,18.1,18.45,18.15,18.58,16061,29837650000.0,105.0,10708,0.6667000000000001
2016-07-19,PDUMJEPULP,EQ,18.15,18.05,18.6,18.0,18.6,18.35,18.25,13222,24134495000.0,67.0,10810,0.8176000000000001
2016-07-20,PDUMJEPULP,EQ,18.35,18.25,19.45,18.05,19.0,19.0,18.9,17556,33173684999.999996,76.0,14067,0.8013
2016-07-21,PDUMJEPULP,EQ,19.0,19.0,19.45,18.25,18.75,18.45,18.75,4628,8677430000.0,38.0,3420,0.7390000000000001
2016-07-22,PDUMJEPULP,EQ,18.45,18.85,18.85,18.3,18.35,18.45,18.54,4762,8830375000.0,44.0,2801,0.5882000000000001
2016-07-25,PDUMJEPULP,EQ,18.45,18.5,19.65,18.5,19.15,19.1,19.24,21608,41583515000.0,150.0,17146,0.7935
2016-07-26,PDUMJEPULP,EQ,19.1,20.2,21.0,19.6,20.2,20.0,20.47,230427,471575730000.0,656.0,114476,0.4968
2016-07-27,PDUMJEPULP,EQ,20.0,20.6,20.6,20.0,20.0,20.0,20.31,48721,98952735000.0,199.0,34599,0.7101000000000001
2016-07-28,PDUMJEPULP,EQ,20.0,20.5,20.5,19.35,19.5,19.45,20.09,22536,45266955000.0,89.0,15523,0.6888
2016-07-29,PDUMJEPULP,EQ,19.45,19.0,21.0,19.0,20.7,20.25,20.23,128045,259069854999.99997,386.0,73905,0.5772
2016-08-01,PDUMJEPULP,EQ,20.25,20.85,22.0,19.05,20.2,20.45,20.46,65108,133208985000.00002,185.0,34903,0.5361
2016-08-02,PDUMJEPULP,EQ,20.45,20.45,20.45,19.2,19.7,19.5,19.67,13999,27535809999.999996,58.0,9656,0.6898000000000001
2016-08-03,PDUMJEPULP,EQ,19.5,19.9,19.9,18.05,18.7,18.95,18.79,22634,42540445000.0,92.0,15835,0.6996
2016-08-04,PDUMJEPULP,EQ,18.95,19.7,19.7,18.25,18.65,18.65,18.82,14797,27854630000.0,107.0,5514,0.3726
2016-08-05,PDUMJEPULP,EQ,18.65,18.55,19.45,18.55,19.05,19.1,19.04,6623,12612515000.0,34.0,5141,0.7762000000000001
2016-08-08,PDUMJEPULP,EQ,19.1,19.5,19.95,18.35,19.0,19.0,18.85,29693,55979190000.0,151.0,20203,0.6804000000000001
2016-08-09,PDUMJEPULP,EQ,19.0,19.0,20.4,18.8,19.85,19.9,19.96,55714,111190125000.0,247.0,47003,0.8436
2016-08-10,PDUMJEPULP,EQ,19.9,20.7,23.15,20.7,21.3,21.25,22.16,306249,678558695000.0,1182.0,134976,0.44070000000000004
2016-08-11,PDUMJEPULP,EQ,21.25,20.6,22.05,19.8,21.0,20.55,20.92,52013,108810655000.0,309.0,32055,0.6163000000000001
2016-08-12,PDUMJEPULP,EQ,20.55,20.55,21.2,19.5,19.95,19.75,20.11,20144,40510210000.0,90.0,14956,0.7425
2016-08-16,PDUMJEPULP,EQ,19.75,19.4,19.65,18.7,19.3,19.55,19.34,8876,17165120000.000002,57.0,3972,0.4475
2016-08-17,PDUMJEPULP,EQ,19.55,19.55,20.5,18.55,19.85,19.9,19.44,18591,36147155000.0,150.0,10543,0.5671
2016-08-18,PDUMJEPULP,EQ,19.9,20.0,20.0,18.75,18.9,19.05,19.17,11438,21923710000.0,69.0,9363,0.8186
2016-08-19,PDUMJEPULP,EQ,19.05,18.9,19.7,18.8,19.2,19.45,19.15,5719,10954245000.0,73.0,2200,0.3847
2016-08-22,PDUMJEPULP,EQ,19.45,20.0,20.45,18.9,19.25,19.85,19.59,8271,16203515000.0,44.0,7703,0.9313
2016-08-23,PDUMJEPULP,EQ,19.85,19.5,19.5,19.2,19.45,19.45,19.29,2592,4999845000.0,30.0,2446,0.9437000000000001
2016-08-24,PDUMJEPULP,EQ,19.45,19.2,19.75,18.9,19.0,19.05,19.06,6865,13087830000.0,39.0,5480,0.7983
2016-08-25,PDUMJEPULP,EQ,19.05,18.9,20.15,18.35,19.3,19.3,19.55,42025,82145745000.0,153.0,25722,0.6121
2016-08-26,PDUMJEPULP,EQ,19.3,19.05,19.7,19.05,19.05,19.1,19.32,9744,18826410000.0,41.0,6699,0.6875
2016-08-29,PDUMJEPULP,EQ,19.1,19.05,19.1,18.45,18.85,18.5,18.6,16079,29912550000.0,63.0,14304,0.8896
2016-08-30,PDUMJEPULP,EQ,18.5,18.35,18.9,18.35,18.55,18.7,18.65,11621,21670795000.0,47.0,9427,0.8112
2016-08-31,PDUMJEPULP,EQ,18.7,18.55,19.25,18.35,19.1,18.9,18.83,12446,23437315000.0,65.0,10220,0.8211
2016-09-01,PDUMJEPULP,EQ,18.9,18.85,19.05,17.65,18.1,18.2,18.48,24644,45550850000.0,104.0,22190,0.9004000000000001
2016-09-02,PDUMJEPULP,EQ,18.2,18.6,19.25,18.35,19.2,19.05,18.93,19269,36474245000.0,82.0,14022,0.7277
2016-09-06,PDUMJEPULP,EQ,19.05,18.7,19.25,18.35,18.35,18.5,18.64,18164,33855459999.999996,82.0,15470,0.8517
2016-09-07,PDUMJEPULP,EQ,18.5,18.3,18.9,17.85,18.4,18.25,18.24,53698,97969105000.0,90.0,45969,0.8561
2016-09-08,PDUMJEPULP,EQ,18.25,18.5,18.9,18.35,18.5,18.55,18.57,21535,39993905000.0,72.0,14560,0.6761
2016-09-09,PDUMJEPULP,EQ,18.55,19.6,19.6,18.45,18.65,18.55,18.65,11497,21444980000.0,69.0,7420,0.6454000000000001
2016-09-12,PDUMJEPULP,EQ,18.55,19.0,19.0,17.8,18.2,18.25,18.16,24399,44303570000.0,57.0,21320,0.8738
2016-09-14,PDUMJEPULP,EQ,18.25,18.2,18.5,18.15,18.2,18.2,18.25,5241,9564850000.0,24.0,4426,0.8445
2016-09-15,PDUMJEPULP,EQ,18.2,18.15,18.9,18.15,18.3,18.35,18.41,10361,19074730000.0,37.0,8852,0.8544
2016-09-16,PDUMJEPULP,EQ,18.35,18.9,18.9,18.2,18.2,18.2,18.31,8235,15077045000.000002,39.0,6588,0.8
2016-09-19,PDUMJEPULP,EQ,18.2,18.8,19.15,18.6,19.0,18.9,18.93,34229,64782019999.99999,85.0,31141,0.9098
2016-09-20,PDUMJEPULP,EQ,18.9,18.7,18.95,18.25,18.5,18.5,18.48,12825,23701920000.0,81.0,10737,0.8372
2016-09-21,PDUMJEPULP,EQ,18.5,18.85,18.85,18.2,18.5,18.35,18.47,27010,49887065000.0,70.0,23657,0.8759
2016-09-22,PDUMJEPULP,EQ,18.35,18.45,18.9,18.25,18.45,18.35,18.59,24435,45434680000.0,67.0,21771,0.891
2016-09-23,PDUMJEPULP,EQ,18.35,18.45,18.65,18.2,18.4,18.25,18.31,39117,71632115000.0,149.0,34984,0.8943000000000001
2016-09-26,PDUMJEPULP,EQ,18.25,18.4,18.85,18.25,18.4,18.45,18.42,18104,33348565000.000004,72.0,12885,0.7117
2016-09-27,PDUMJEPULP,EQ,18.45,18.7,18.7,18.2,18.4,18.4,18.42,18826,34686450000.0,44.0,16177,0.8593000000000001
2016-09-28,PDUMJEPULP,EQ,18.4,18.25,19.5,18.25,19.05,19.15,18.81,52779,99274805000.0,126.0,50946,0.9653
2016-09-29,PDUMJEPULP,EQ,19.15,19.25,19.4,17.65,18.0,18.0,18.26,71611,130749655000.0,156.0,54887,0.7665000000000001
2016-09-30,PDUMJEPULP,EQ,18.0,17.55,18.2,17.5,18.1,17.9,17.82,37926,67589965000.0,132.0,25874,0.6822
2016-10-03,PDUMJEPULP,EQ,17.9,17.55,18.65,17.55,18.4,18.2,18.23,9473,17267860000.0,60.0,6658,0.7028
2016-10-04,PDUMJEPULP,EQ,18.2,17.9,18.65,17.9,18.45,18.45,18.25,26339,48072725000.0,60.0,21894,0.8312
2016-10-05,PDUMJEPULP,EQ,18.45,18.7,22.1,18.35,22.1,22.1,21.76,747168,1625818050000.0,1243.0,338701,0.4533
2016-10-06,PDUMJEPULP,EQ,22.1,22.2,26.4,21.15,24.75,24.95,25.04,2328288,5830611620000.0,10103.0,642834,0.2761
2016-10-07,PDUMJEPULP,EQ,24.95,25.0,25.2,22.5,23.45,23.55,23.51,390723,918475330000.0001,2948.0,164875,0.42200000000000004
2016-10-10,PDUMJEPULP,EQ,23.55,24.0,24.4,22.2,22.5,22.7,22.88,104232,238525915000.0,876.0,50803,0.48740000000000006
2016-10-13,PDUMJEPULP,EQ,22.7,22.95,22.95,20.5,21.35,21.25,21.54,87697,188869120000.0,551.0,51715,0.5897
2016-10-14,PDUMJEPULP,EQ,21.25,21.25,22.8,21.25,22.7,22.55,22.33,113117,252602035000.0,559.0,64023,0.5660000000000001
2016-10-17,PDUMJEPULP,EQ,22.55,23.2,23.65,22.5,22.75,22.95,23.05,84523,194797335000.0,656.0,59222,0.7007
2016-10-18,PDUMJEPULP,EQ,22.95,23.1,23.55,22.25,23.4,23.25,22.99,145969,335513615000.0,743.0,89514,0.6132
2016-10-19,PDUMJEPULP,EQ,23.25,23.9,23.9,22.9,23.7,23.5,23.47,107225,251675285000.0,489.0,77784,0.7254
2016-10-20,PDUMJEPULP,EQ,23.5,23.65,24.5,23.25,23.25,23.45,23.91,216766,518244584999.99994,593.0,140747,0.6493000000000001
2016-10-21,PDUMJEPULP,EQ,23.45,23.35,23.55,21.7,23.25,23.2,23.09,39062,90191375000.0,211.0,28113,0.7197
2016-10-24,PDUMJEPULP,EQ,23.2,23.0,24.3,23.0,23.45,23.1,23.62,82530,194914445000.0,356.0,56809,0.6883
2016-10-25,PDUMJEPULP,EQ,23.1,23.5,23.85,22.25,23.0,23.1,23.2,66290,153772755000.0,325.0,37457,0.5650000000000001
2016-10-26,PDUMJEPULP,EQ,23.1,23.0,23.4,22.0,22.5,22.25,22.71,53972,122544775000.0,243.0,44316,0.8211
2016-10-27,PDUMJEPULP,EQ,22.25,21.9,22.4,21.5,21.6,21.8,21.87,28409,62117015000.0,210.0,21305,0.7499
2016-10-28,PDUMJEPULP,EQ,21.8,21.55,22.3,21.0,21.5,21.6,21.57,21486,46344005000.0,157.0,14174,0.6597
2016-10-30,PDUMJEPULP,EQ,21.6,22.35,22.8,21.65,22.4,22.4,22.47,14589,32782555000.0,82.0,13447,0.9217000000000001
2016-11-01,PDUMJEPULP,EQ,22.4,22.0,22.85,21.9,22.5,22.5,22.47,29672,66679594999.99999,184.0,22100,0.7448
2016-11-02,PDUMJEPULP,EQ,22.5,22.5,22.5,21.0,21.5,21.6,21.8,41575,90624940000.0,169.0,31027,0.7463
2016-11-03,PDUMJEPULP,EQ,21.6,21.85,25.9,21.4,25.65,25.85,25.27,1148727,2902908905000.0,3852.0,440967,0.3839
2016-11-04,PDUMJEPULP,EQ,25.85,26.7,28.6,24.3,24.6,24.65,26.65,1871346,4988009170000.0,8685.0,553120,0.2956
2016-11-07,PDUMJEPULP,EQ,24.65,25.0,25.4,22.05,22.75,22.65,23.09,284999,658042765000.0,1864.0,172139,0.604
2016-11-08,PDUMJEPULP,EQ,22.65,22.75,24.75,22.65,23.45,23.1,23.61,172904,408219770000.0,1229.0,83330,0.4819
2016-11-09,PDUMJEPULP,EQ,23.1,19.05,22.0,18.5,21.8,21.6,20.06,246279,494007859999.99994,921.0,125942,0.5114
2016-11-10,PDUMJEPULP,EQ,21.6,22.1,23.5,22.1,22.3,22.3,22.75,74351,169180570000.0,355.0,56254,0.7565999999999999
2016-11-11,PDUMJEPULP,EQ,22.3,21.15,22.25,21.0,21.1,21.25,21.57,39925,86118040000.0,308.0,21246,0.5321
2016-11-15,PDUMJEPULP,EQ,21.25,20.85,21.0,19.5,20.3,19.95,20.08,83849,168371400000.0,331.0,67899,0.8098000000000001
2016-11-16,PDUMJEPULP,EQ,19.95,20.05,21.0,19.65,19.65,19.95,20.13,42103,84764835000.0,216.0,23743,0.5639000000000001
2016-11-17,PDUMJEPULP,EQ,19.95,20.05,20.15,19.65,20.15,20.0,19.76,24175,47777240000.0,110.0,19334,0.7998000000000001
2016-11-18,PDUMJEPULP,EQ,20.0,19.4,20.5,19.35,20.4,20.25,19.73,9672,19080520000.0,58.0,6388,0.6605
2016-11-21,PDUMJEPULP,EQ,20.25,20.6,20.9,19.25,19.5,19.55,19.74,37535,74088700000.0,178.0,28807,0.7675000000000001
2016-11-22,PDUMJEPULP,EQ,19.55,19.6,20.35,19.55,19.6,19.55,19.65,12364,24297430000.0,89.0,10438,0.8442000000000001
2016-11-23,PDUMJEPULP,EQ,19.55,19.6,20.0,19.15,20.0,19.45,19.46,37798,73571945000.0,181.0,27685,0.7323999999999999
2016-11-24,PDUMJEPULP,EQ,19.45,19.95,21.0,19.25,19.5,19.6,19.82,27316,54138255000.00001,160.0,20381,0.7461
2016-11-25,PDUMJEPULP,EQ,19.6,19.65,20.5,19.65,20.2,20.3,20.2,18810,37991740000.0,104.0,9460,0.5029
2016-11-28,PDUMJEPULP,EQ,20.3,20.5,20.85,20.35,20.4,20.65,20.54,13616,27963315000.000004,75.0,12207,0.8965000000000001
2016-11-29,PDUMJEPULP,EQ,20.65,20.65,21.5,20.65,21.0,20.85,21.05,24670,51931915000.0,143.0,17446,0.7072
2016-11-30,PDUMJEPULP,EQ,20.85,21.5,23.0,21.3,21.6,21.7,22.18,94764,210218450000.0,555.0,38188,0.40299999999999997
2016-12-01,PDUMJEPULP,EQ,21.7,22.0,22.5,21.3,22.0,21.85,21.89,29809,65258680000.00001,213.0,20087,0.6739
2016-12-02,PDUMJEPULP,EQ,21.85,21.0,21.6,20.8,21.4,20.95,21.15,20213,42747700000.0,118.0,12607,0.6237
2016-12-05,PDUMJEPULP,EQ,20.95,20.8,22.65,20.7,21.5,21.85,21.76,48991,106602370000.0,237.0,27690,0.5652
2016-12-06,PDUMJEPULP,EQ,21.85,21.8,22.45,20.8,21.15,21.4,21.88,21535,47121520000.0,165.0,15385,0.7144
2016-12-07,PDUMJEPULP,EQ,21.4,21.9,22.0,21.1,21.25,21.25,21.47,7638,16398920000.000002,68.0,4960,0.6494
2016-12-08,PDUMJEPULP,EQ,21.25,21.9,21.9,20.1,21.1,20.9,20.95,19472,40792785000.0,128.0,13394,0.6879000000000001
2016-12-09,PDUMJEPULP,EQ,20.9,21.0,21.75,20.7,21.3,21.3,21.24,14325,30422009999.999996,274.0,9900,0.6911
2016-12-12,PDUMJEPULP,EQ,21.3,21.4,21.4,20.6,20.85,20.85,20.92,14126,29554615000.000004,169.0,11754,0.8321
2016-12-13,PDUMJEPULP,EQ,20.85,20.75,21.3,20.5,20.85,20.9,20.81,11211,23326415000.0,143.0,6996,0.624
2016-12-14,PDUMJEPULP,EQ,20.9,20.5,21.25,20.5,20.5,20.5,20.71,17304,35831095000.0,116.0,12953,0.7486
2016-12-15,PDUMJEPULP,EQ,20.5,20.2,20.8,20.0,20.0,20.05,20.28,6713,13611710000.0,90.0,4401,0.6556000000000001
2016-12-16,PDUMJEPULP,EQ,20.05,20.9,22.8,20.1,21.5,21.6,21.9,65480,143408155000.0,478.0,25979,0.39670000000000005
2016-12-19,PDUMJEPULP,EQ,21.6,21.8,23.85,21.8,22.75,23.0,23.1,192103,443715945000.0,1539.0,77496,0.40340000000000004
2016-12-20,PDUMJEPULP,EQ,23.0,22.75,22.75,21.5,21.9,21.7,21.86,37765,82561705000.0,472.0,25393,0.6724
2016-12-21,PDUMJEPULP,EQ,21.7,21.15,22.0,20.3,20.4,20.55,20.82,45815,95370855000.0,356.0,27574,0.6019
2016-12-22,PDUMJEPULP,EQ,20.55,20.7,20.9,19.8,19.8,20.0,20.23,30191,61068935000.0,160.0,23592,0.7814
2016-12-23,PDUMJEPULP,EQ,20.0,20.0,21.3,19.6,20.45,20.55,20.38,17064,34771610000.0,135.0,9588,0.5619
2016-12-26,PDUMJEPULP,EQ,20.55,20.2,20.6,19.75,20.0,20.0,20.07,13676,27443884999.999996,84.0,11424,0.8353
2016-12-27,PDUMJEPULP,EQ,20.0,20.05,20.75,19.7,20.1,20.1,20.1,4803,9652130000.0,61.0,2987,0.6219
2016-12-28,PDUMJEPULP,EQ,20.1,20.3,20.65,20.2,20.3,20.4,20.41,16805,34299980000.0,78.0,11775,0.7007
2016-12-29,PDUMJEPULP,EQ,20.4,20.55,20.8,20.15,20.5,20.5,20.46,10644,21773690000.0,60.0,6942,0.6522
2016-12-30,PDUMJEPULP,EQ,20.5,20.3,20.7,20.0,20.4,20.45,20.46,10284,21041095000.0,87.0,7262,0.7061000000000001
2017-01-02,PDUMJEPULP,EQ,20.45,20.75,22.75,20.45,21.2,21.2,21.24,45336,96314445000.0,331.0,19244,0.42450000000000004
2017-01-03,PDUMJEPULP,EQ,21.2,22.25,22.25,21.2,21.7,21.5,21.72,20596,44744590000.0,184.0,14986,0.7276
2017-01-04,PDUMJEPULP,EQ,21.5,21.5,22.25,21.2,22.0,21.95,21.93,39100,85741225000.0,183.0,23335,0.5968
2017-01-05,PDUMJEPULP,EQ,21.95,21.95,22.6,21.9,22.0,22.0,22.21,21733,48262050000.0,144.0,16018,0.737
2017-01-06,PDUMJEPULP,EQ,22.0,21.9,22.0,21.35,21.5,21.5,21.63,6488,14030860000.0,56.0,3769,0.5809000000000001
2017-01-09,PDUMJEPULP,EQ,21.5,22.2,22.95,20.7,22.35,22.55,22.02,44203,97328020000.0,284.0,27544,0.6231
2017-01-10,PDUMJEPULP,EQ,22.55,22.1,22.85,22.0,22.0,22.1,22.52,38139,85890120000.0,179.0,27550,0.7223999999999999
2017-01-11,PDUMJEPULP,EQ,22.1,22.8,22.8,21.65,22.25,22.1,22.03,26999,59478365000.0,144.0,18841,0.6978
2017-01-12,PDUMJEPULP,EQ,22.1,22.1,22.3,21.65,22.2,22.1,22.07,28952,63883719999.99999,125.0,20102,0.6943
2017-01-13,PDUMJEPULP,EQ,22.1,22.05,22.4,21.7,21.95,21.9,21.97,21010,46151430000.0,217.0,15110,0.7192000000000001
2017-01-16,PDUMJEPULP,EQ,21.9,22.0,22.3,21.65,21.9,21.9,21.8,11492,25049580000.0,72.0,9185,0.7993000000000001
2017-01-17,PDUMJEPULP,EQ,21.9,21.75,21.95,21.3,21.35,21.45,21.56,28618,61686260000.0,179.0,19415,0.6784
2017-01-18,PDUMJEPULP,EQ,21.45,21.5,22.85,21.4,21.85,21.85,22.08,56886,125622289999.99998,336.0,25978,0.45670000000000005
2017-01-19,PDUMJEPULP,EQ,21.85,21.6,22.4,21.6,22.15,21.85,21.91,13375,29309775000.0,110.0,7101,0.5309
2017-01-20,PDUMJEPULP,EQ,21.85,21.8,22.1,20.75,21.5,21.35,21.58,19562,42221945000.0,181.0,15783,0.8068000000000001
2017-01-23,PDUMJEPULP,EQ,21.35,21.45,21.8,21.2,21.3,21.3,21.3,10372,22094445000.0,54.0,8461,0.8158
2017-01-24,PDUMJEPULP,EQ,21.3,21.5,21.55,20.7,21.2,21.2,21.29,7041,14992025000.0,69.0,4293,0.6097
2017-01-25,PDUMJEPULP,EQ,21.2,21.05,22.4,21.0,21.3,21.25,21.63,33860,73225050000.0,256.0,18319,0.541
2017-01-27,PDUMJEPULP,EQ,21.25,22.1,22.5,19.3,20.65,20.65,20.72,50589,104799565000.0,421.0,26363,0.5211
2017-01-30,PDUMJEPULP,EQ,20.65,20.95,22.5,19.65,21.45,21.5,21.59,39540,85385030000.0,465.0,19337,0.489
2017-01-31,PDUMJEPULP,EQ,21.5,21.3,21.8,20.25,21.1,20.85,20.94,17134,35880705000.0,276.0,10066,0.5875
2017-02-01,PDUMJEPULP,EQ,20.85,21.35,21.35,20.5,20.75,20.8,20.87,15647,32656734999.999996,165.0,9051,0.5784
2017-02-02,PDUMJEPULP,EQ,20.8,21.3,21.3,20.75,20.8,20.9,20.9,9126,19076685000.0,138.0,7638,0.8369
2017-02-03,PDUMJEPULP,EQ,20.9,21.0,21.25,20.2,20.9,21.05,20.93,20001,41853995000.0,152.0,14350,0.7175
2017-02-06,PDUMJEPULP,EQ,21.05,21.2,21.5,20.5,21.0,21.15,20.94,35573,74503825000.0,246.0,15876,0.44630000000000003
2017-02-07,PDUMJEPULP,EQ,21.15,21.4,21.4,20.35,20.5,20.5,20.66,38843,80245820000.0,148.0,32629,0.84
2017-02-08,PDUMJEPULP,EQ,20.5,20.85,21.3,20.7,21.1,21.1,21.02,14063,29564115000.000004,81.0,11969,0.8511
2017-02-09,PDUMJEPULP,EQ,21.1,21.1,21.55,20.8,21.2,21.35,21.22,36759,77993805000.0,130.0,27644,0.752
2017-02-10,PDUMJEPULP,EQ,21.35,21.1,22.0,20.75,20.75,20.85,20.97,18276,38318145000.0,118.0,12682,0.6939000000000001
2017-02-13,PDUMJEPULP,EQ,20.85,21.0,21.25,19.65,20.75,20.4,20.72,40587,84088175000.0,219.0,30230,0.7448
2017-02-14,PDUMJEPULP,EQ,20.4,20.3,20.75,20.1,20.3,20.4,20.31,7378,14982225000.0,73.0,3980,0.5394
2017-02-15,PDUMJEPULP,EQ,20.4,20.35,20.45,20.1,20.2,20.2,20.22,18770,37948355000.0,84.0,16320,0.8695
2017-02-16,PDUMJEPULP,EQ,20.2,20.25,20.25,20.0,20.1,20.1,20.21,10108,20424720000.0,45.0,9774,0.9670000000000001
2017-02-17,PDUMJEPULP,EQ,20.1,20.25,21.9,20.0,20.35,20.5,20.53,24580,50474730000.0,107.0,18906,0.7692
2017-02-20,PDUMJEPULP,EQ,20.5,20.8,20.9,20.3,20.9,20.75,20.62,19876,40989700000.0,122.0,13009,0.6545000000000001
2017-02-21,PDUMJEPULP,EQ,20.75,20.9,20.9,20.4,20.45,20.55,20.53,4568,9377800000.0,26.0,4432,0.9702
2017-02-22,PDUMJEPULP,EQ,20.55,20.55,20.8,20.35,20.35,20.35,20.48,16213,33208400000.0,79.0,12190,0.7519
2017-02-23,PDUMJEPULP,EQ,20.35,20.45,20.7,19.8,20.7,20.7,20.26,18681,37856430000.0,98.0,14058,0.7525000000000001
2017-02-27,PDUMJEPULP,EQ,20.7,20.35,20.8,20.0,20.25,20.45,20.37,13895,28307684999.999996,67.0,7066,0.5085000000000001
2017-02-28,PDUMJEPULP,EQ,20.45,20.4,20.7,20.25,20.3,20.3,20.32,5169,10505820000.0,21.0,5038,0.9747
2017-03-01,PDUMJEPULP,EQ,20.3,20.4,20.5,20.15,20.15,20.3,20.33,12001,24392615000.0,48.0,9432,0.7859
2017-03-02,PDUMJEPULP,EQ,20.3,20.3,20.3,19.7,19.9,19.75,19.97,19942,39832295000.0,87.0,13615,0.6827
2017-03-03,PDUMJEPULP,EQ,19.75,20.3,20.3,19.65,19.9,19.75,19.77,11625,22984050000.0,50.0,9625,0.828
2017-03-06,PDUMJEPULP,EQ,19.75,19.8,20.2,19.8,19.9,19.9,19.96,12299,24552800000.0,74.0,7812,0.6352000000000001
2017-03-07,PDUMJEPULP,EQ,19.9,20.1,20.1,19.7,19.8,19.7,19.84,5829,11566345000.0,59.0,4980,0.8543000000000001
2017-03-08,PDUMJEPULP,EQ,19.7,19.8,20.05,19.65,19.85,19.75,19.73,31951,63026190000.0,100.0,23436,0.7334999999999999
2017-03-09,PDUMJEPULP,EQ,19.75,20.05,20.3,19.45,19.65,19.65,19.65,10915,21447525000.0,83.0,9174,0.8405
2017-03-10,PDUMJEPULP,EQ,19.65,19.8,19.8,19.3,19.7,19.7,19.65,7837,15399390000.0,45.0,6608,0.8432
2017-03-14,PDUMJEPULP,EQ,19.7,19.5,20.05,19.1,19.65,19.6,19.81,15277,30257355000.0,107.0,10110,0.6618
2017-03-15,PDUMJEPULP,EQ,19.6,19.75,19.9,19.35,19.5,19.4,19.55,13086,25584755000.0,65.0,9280,0.7092
2017-03-16,PDUMJEPULP,EQ,19.4,19.5,19.75,19.25,19.6,19.55,19.5,16391,31962650000.0,102.0,11125,0.6787000000000001
2017-03-17,PDUMJEPULP,EQ,19.55,19.5,19.85,19.4,19.75,19.55,19.6,15533,30451915000.000004,79.0,12591,0.8106
2017-03-20,PDUMJEPULP,EQ,19.55,19.6,19.6,19.25,19.45,19.45,19.48,32652,63602330000.00001,84.0,29815,0.9131
2017-03-21,PDUMJEPULP,EQ,19.45,19.9,19.9,19.15,19.5,19.3,19.41,13819,26817865000.000004,90.0,11045,0.7993000000000001
2017-03-22,PDUMJEPULP,EQ,19.3,19.35,19.5,19.1,19.5,19.45,19.25,16912,32558840000.000004,82.0,13610,0.8048000000000001
2017-03-23,PDUMJEPULP,EQ,19.45,19.55,20.0,19.3,20.0,19.85,19.76,28427,56160350000.0,117.0,20375,0.7167
2017-03-24,PDUMJEPULP,EQ,19.85,20.0,21.1,19.4,20.3,20.35,20.31,53191,108038100000.0,230.0,29750,0.5593
2017-03-27,PDUMJEPULP,EQ,20.35,21.2,21.3,19.65,20.0,20.0,20.59,62014,127711389999.99998,373.0,28106,0.4532
2017-03-28,PDUMJEPULP,EQ,20.0,20.75,21.0,20.3,20.3,20.55,20.67,39158,80935765000.0,223.0,24637,0.6292
2017-03-29,PDUMJEPULP,EQ,20.55,21.0,21.0,19.85,19.95,20.05,20.21,24603,49730980000.0,201.0,14618,0.5942000000000001
2017-03-30,PDUMJEPULP,EQ,20.05,20.3,20.3,20.0,20.0,20.0,20.14,11473,23102765000.0,28.0,10333,0.9006000000000001
2017-03-31,PDUMJEPULP,EQ,20.0,20.0,20.0,19.6,19.9,19.8,19.85,17765,35271085000.0,88.0,12481,0.7026000000000001
2017-04-03,PDUMJEPULP,EQ,19.8,19.9,20.6,19.25,19.9,19.85,19.89,28178,56035525000.0,97.0,23342,0.8284
2017-04-05,PDUMJEPULP,EQ,19.85,19.75,21.8,19.5,21.7,21.4,20.99,125980,264433060000.0,306.0,74481,0.5912
2017-04-06,PDUMJEPULP,EQ,21.4,22.0,22.45,21.35,22.1,21.95,21.96,98586,216488985000.0,353.0,61180,0.6206
2017-04-07,PDUMJEPULP,EQ,21.95,22.35,22.8,21.5,21.5,21.8,22.11,91292,201889830000.0,329.0,63508,0.6957
2017-04-10,PDUMJEPULP,EQ,21.8,21.7,22.1,21.05,21.4,21.4,21.69,22599,49016255000.0,100.0,17270,0.7642
2017-04-11,PDUMJEPULP,EQ,21.4,21.4,23.2,21.4,22.65,22.5,22.57,241553,545230905000.0,741.0,115387,0.4777
2017-04-12,PDUMJEPULP,EQ,22.5,22.5,23.25,21.6,22.05,22.15,22.55,116336,262354095000.00003,496.0,81192,0.6979000000000001
2017-04-13,PDUMJEPULP,EQ,22.15,22.15,22.85,21.65,22.0,22.0,22.27,91812,204477255000.0,322.0,53401,0.5816
2017-04-17,PDUMJEPULP,EQ,22.0,21.9,22.55,21.15,21.4,21.3,21.46,21600,46345585000.0,174.0,15475,0.7164
2017-04-18,PDUMJEPULP,EQ,21.3,22.2,23.25,21.35,22.3,22.45,22.56,216877,489246200000.0,752.0,106985,0.4933
2017-04-19,PDUMJEPULP,EQ,22.45,21.95,25.2,21.95,24.8,24.75,24.27,797924,1936680325000.0,2721.0,301462,0.3778
2017-04-20,PDUMJEPULP,EQ,24.75,24.85,25.0,23.4,24.0,24.0,24.03,66377,159495965000.0,461.0,41274,0.6218
2017-04-21,PDUMJEPULP,EQ,24.0,25.0,25.25,23.1,23.25,23.3,23.55,55479,130652210000.00002,209.0,47412,0.8545999999999999
2017-04-24,PDUMJEPULP,EQ,23.3,24.0,24.0,21.0,22.0,21.95,21.89,211918,463888780000.0,662.0,116849,0.5514
2017-04-25,PDUMJEPULP,EQ,21.95,22.65,22.65,21.8,22.2,22.0,22.11,24834,54903419999.99999,137.0,17153,0.6907
2017-04-26,PDUMJEPULP,EQ,22.0,22.9,23.35,21.5,21.5,21.65,22.06,38955,85939855000.0,224.0,23730,0.6092000000000001
2017-04-27,PDUMJEPULP,EQ,21.65,22.0,22.8,21.5,21.55,21.65,22.1,34416,76042735000.0,165.0,25228,0.733
2017-04-28,PDUMJEPULP,EQ,21.65,21.7,22.2,21.15,21.2,21.25,21.45,14616,31354190000.000004,90.0,11520,0.7881999999999999
2017-05-02,PDUMJEPULP,EQ,21.25,21.25,25.5,21.25,25.5,25.5,24.99,687861,1719239045000.0,1570.0,282059,0.41009999999999996
2017-05-03,PDUMJEPULP,EQ,25.5,26.75,26.75,23.7,24.0,24.2,24.9,330546,823169510000.0,1776.0,150137,0.45420000000000005
2017-05-04,PDUMJEPULP,EQ,24.2,24.2,24.55,23.55,24.0,23.95,24.06,40758,98054720000.0,215.0,31106,0.7632
2017-05-05,PDUMJEPULP,EQ,23.95,24.45,24.45,23.0,23.5,23.3,23.43,23102,54126080000.00001,185.0,16264,0.7040000000000001
2017-05-08,PDUMJEPULP,EQ,23.3,23.5,24.7,22.85,23.85,23.45,23.83,47758,113799645000.0,249.0,26601,0.557
2017-05-09,PDUMJEPULP,EQ,23.45,24.25,24.25,23.4,23.45,23.45,23.57,10688,25194375000.0,58.0,9836,0.9203
2017-05-10,PDUMJEPULP,EQ,23.45,24.0,28.1,23.7,25.3,25.4,26.56,506283,1344694315000.0,1784.0,142015,0.2805
2017-05-11,PDUMJEPULP,EQ,25.4,24.8,25.5,24.2,25.3,24.95,24.82,119070,295549525000.0,488.0,50826,0.4269
2017-05-12,PDUMJEPULP,EQ,24.95,24.95,25.95,23.75,24.5,24.1,24.15,102533,247663429999.99997,432.0,63246,0.6168
2017-05-15,PDUMJEPULP,EQ,24.1,24.7,24.7,23.6,24.15,23.9,23.96,19539,46824855000.0,157.0,10553,0.5401
2017-05-16,PDUMJEPULP,EQ,23.9,24.0,24.7,23.75,24.2,24.2,24.16,33380,80650550000.0,180.0,21304,0.6382
2017-05-17,PDUMJEPULP,EQ,24.2,24.5,24.5,23.7,24.0,23.8,23.98,11994,28755650000.0,91.0,8959,0.747
2017-05-18,PDUMJEPULP,EQ,23.8,23.5,23.95,22.75,23.1,23.1,23.29,17062,39742760000.0,110.0,14270,0.8364
2017-05-19,PDUMJEPULP,EQ,23.1,23.95,24.2,22.05,22.9,22.9,22.95,49270,113064955000.0,263.0,23211,0.4711
2017-05-22,PDUMJEPULP,EQ,22.9,24.75,27.45,22.65,25.9,26.75,26.47,1560794,4131378125000.0,4307.0,411216,0.2635
2017-05-23,PDUMJEPULP,EQ,26.75,26.7,27.5,23.25,23.7,23.6,24.84,700861,1741193639999.9998,3206.0,307833,0.43920000000000003
2017-05-24,PDUMJEPULP,EQ,23.6,24.95,25.2,22.7,23.1,23.0,23.94,123972,296745690000.0,983.0,54196,0.4372
2017-05-25,PDUMJEPULP,EQ,23.0,23.1,24.25,23.1,23.8,23.8,23.8,45734,108853770000.0,332.0,24145,0.5279
2017-05-26,PDUMJEPULP,EQ,23.8,23.85,24.45,23.65,24.3,24.25,24.03,40115,96397905000.0,172.0,29732,0.7412000000000001
2017-05-29,PDUMJEPULP,EQ,24.25,24.95,24.95,23.2,23.6,23.65,24.09,44763,107830185000.00002,181.0,31237,0.6978
2017-05-30,PDUMJEPULP,EQ,23.65,23.6,24.6,23.4,24.0,23.85,24.12,53894,129998475000.0,160.0,39383,0.7306999999999999
2017-05-31,PDUMJEPULP,EQ,23.85,23.1,24.5,23.1,24.0,23.85,23.86,18686,44578900000.0,118.0,15237,0.8154000000000001
2017-06-01,PDUMJEPULP,EQ,23.85,23.3,24.75,23.3,24.1,24.1,24.06,57462,138244895000.0,162.0,33293,0.5794
2017-06-02,PDUMJEPULP,EQ,24.1,23.6,24.55,23.5,24.0,23.8,23.89,31874,76131580000.0,203.0,24125,0.7569
2017-06-05,PDUMJEPULP,EQ,23.8,23.5,24.5,23.5,24.0,23.9,24.17,40419,97689300000.0,168.0,31137,0.7704000000000001
2017-06-06,PDUMJEPULP,EQ,23.9,24.4,24.4,23.5,23.6,23.65,23.82,50179,119532130000.0,155.0,42397,0.8449
2017-06-07,PDUMJEPULP,EQ,23.65,23.5,24.15,23.5,23.65,23.85,23.96,22925,54938150000.0,72.0,21290,0.9287000000000001
2017-06-08,PDUMJEPULP,EQ,23.85,23.6,24.0,23.1,23.6,23.4,23.49,29140,68443650000.0,129.0,19991,0.6859999999999999
2017-06-09,PDUMJEPULP,EQ,23.4,23.25,24.5,23.25,24.0,23.9,24.08,44887,108092810000.00002,177.0,24364,0.5428000000000001
2017-06-12,PDUMJEPULP,EQ,23.9,24.0,24.0,23.05,23.45,23.15,23.28,17839,41536950000.0,106.0,13620,0.7635
2017-06-13,PDUMJEPULP,EQ,23.15,23.45,23.6,22.95,22.95,23.1,23.13,20407,47208970000.0,72.0,17891,0.8767
2017-06-14,PDUMJEPULP,EQ,23.1,22.95,23.6,22.4,22.7,22.6,22.77,26964,61396619999.99999,121.0,19738,0.7320000000000001
2017-06-15,PDUMJEPULP,EQ,22.6,22.8,23.3,22.5,22.6,22.6,22.91,31155,71383425000.0,86.0,26767,0.8592000000000001
2017-06-16,PDUMJEPULP,EQ,22.6,23.0,23.0,22.1,22.4,22.4,22.57,31185,70381370000.0,86.0,27525,0.8826
2017-06-19,PDUMJEPULP,EQ,22.4,22.4,22.4,21.35,21.5,21.65,21.73,42987,93428320000.0,167.0,35821,0.8333
2017-06-20,PDUMJEPULP,EQ,21.65,22.4,22.4,21.75,21.9,21.85,21.97,17784,39075225000.0,84.0,11800,0.6635
2017-06-21,PDUMJEPULP,EQ,21.85,22.2,22.4,21.8,22.35,22.25,22.15,15578,34512155000.0,79.0,10723,0.6883
2017-06-22,PDUMJEPULP,EQ,22.25,21.9,22.65,21.3,21.9,21.7,21.87,20452,44732855000.0,75.0,18203,0.89
2017-06-23,PDUMJEPULP,EQ,21.7,21.65,22.1,21.1,22.1,21.95,21.74,35559,77303850000.0,66.0,27349,0.7691
2017-06-27,PDUMJEPULP,EQ,21.95,21.5,22.0,20.15,21.35,21.15,20.87,21969,45842815000.0,136.0,17580,0.8002
2017-06-28,PDUMJEPULP,EQ,21.15,20.8,21.75,20.6,20.65,20.75,20.86,13473,28108590000.000004,91.0,9544,0.7084
2017-06-29,PDUMJEPULP,EQ,20.75,21.45,21.7,20.85,21.05,21.25,21.33,10300,21969335000.0,60.0,7929,0.7698
2017-06-30,PDUMJEPULP,EQ,21.25,21.7,22.7,20.4,21.75,21.9,21.89,79897,174873140000.0,353.0,27015,0.3381
2017-07-03,PDUMJEPULP,EQ,21.9,21.6,22.45,21.2,22.0,21.9,21.73,10801,23471595000.0,60.0,7258,0.672
2017-07-04,PDUMJEPULP,EQ,21.9,21.35,22.7,21.35,22.0,22.0,22.15,24745,54800550000.0,92.0,19570,0.7909
2017-07-05,PDUMJEPULP,EQ,22.0,22.0,22.6,21.8,22.6,22.5,22.28,18343,40868865000.0,68.0,14234,0.7759999999999999
2017-07-06,PDUMJEPULP,EQ,22.5,22.3,22.85,22.1,22.45,22.35,22.35,12176,27212634999.999996,77.0,8804,0.7231000000000001
2017-07-07,PDUMJEPULP,EQ,22.35,22.0,22.5,20.55,21.45,21.6,21.79,36253,78978250000.0,164.0,26001,0.7172
2017-07-10,PDUMJEPULP,EQ,21.6,22.4,22.4,21.7,21.95,21.8,22.0,2235,4917555000.0,22.0,2025,0.9059999999999999
2017-07-11,PDUMJEPULP,EQ,21.8,21.65,22.3,21.6,21.65,21.65,21.74,8762,19051760000.0,73.0,6731,0.7682
2017-07-12,PDUMJEPULP,EQ,21.65,22.45,22.45,21.2,21.85,21.85,21.82,7272,15867735000.0,75.0,5782,0.7951
2017-07-13,PDUMJEPULP,EQ,21.85,21.25,22.1,21.25,21.8,21.8,21.7,9264,20103860000.0,60.0,6386,0.6893000000000001
2017-07-14,PDUMJEPULP,EQ,21.8,21.5,22.45,21.5,22.45,22.1,22.01,12410,27311045000.0,71.0,9556,0.77
2017-07-17,PDUMJEPULP,EQ,22.1,22.55,22.7,21.7,22.6,22.5,22.45,16393,36795035000.0,79.0,12392,0.7559
2017-07-18,PDUMJEPULP,EQ,22.5,22.55,22.55,21.45,21.55,21.5,21.75,29414,63962865000.0,142.0,20176,0.6859000000000001
2017-07-19,PDUMJEPULP,EQ,21.5,22.35,23.4,21.55,22.85,22.85,22.54,121152,273018225000.0,344.0,42870,0.3539
2017-07-20,PDUMJEPULP,EQ,22.85,23.3,25.65,22.6,24.35,24.1,24.67,148115,365401785000.0,933.0,94159,0.6357
2017-07-21,PDUMJEPULP,EQ,24.1,24.0,24.45,23.1,23.4,23.45,23.56,26017,61292035000.0,267.0,17220,0.6619
2017-07-24,PDUMJEPULP,EQ,23.45,23.9,26.8,23.55,24.9,24.9,25.59,190945,488687195000.0,1043.0,85800,0.44930000000000003
2017-07-25,PDUMJEPULP,EQ,24.9,24.65,25.85,24.1,24.45,24.35,24.86,46225,114912785000.00002,199.0,38491,0.8327
2017-07-26,PDUMJEPULP,EQ,24.35,24.35,25.6,23.15,24.0,24.05,24.38,51736,126120510000.00002,331.0,30393,0.5875
2017-07-27,PDUMJEPULP,EQ,24.05,24.0,24.0,23.35,23.5,23.85,23.78,22135,52632900000.0,109.0,15516,0.701
2017-07-28,PDUMJEPULP,EQ,23.85,24.3,25.2,23.55,24.0,23.95,24.5,20640,50571200000.0,187.0,13765,0.6668999999999999
2017-07-31,PDUMJEPULP,EQ,23.95,23.95,23.95,21.7,22.9,22.6,22.59,82335,185975055000.0,357.0,61710,0.7495
2017-08-01,PDUMJEPULP,EQ,22.6,22.2,24.4,20.6,22.65,22.4,22.08,47887,105718139999.99998,188.0,30230,0.6313000000000001
2017-08-02,PDUMJEPULP,EQ,22.4,22.7,22.7,21.9,22.05,22.05,22.1,18427,40724845000.0,67.0,16675,0.9048999999999999
2017-08-03,PDUMJEPULP,EQ,22.05,22.35,22.7,21.35,21.8,21.85,22.09,18841,41614255000.0,90.0,11436,0.6070000000000001
2017-08-04,PDUMJEPULP,EQ,21.85,22.7,22.8,21.15,22.0,22.0,21.9,23402,51250980000.0,160.0,17575,0.751
2017-08-07,PDUMJEPULP,EQ,22.0,21.75,24.5,21.7,23.0,23.0,22.91,39414,90277910000.0,184.0,23391,0.5935
2017-08-08,PDUMJEPULP,EQ,23.0,22.65,22.95,22.05,22.5,22.55,22.52,15128,34065520000.0,103.0,9156,0.6052000000000001
2017-08-09,PDUMJEPULP,EQ,22.55,22.7,23.0,21.0,21.65,21.9,22.12,45625,100942260000.0,250.0,32328,0.7086
2017-08-10,PDUMJEPULP,EQ,21.9,22.0,22.9,21.4,21.6,21.65,22.19,22363,49618255000.0,117.0,19086,0.8534999999999999
2017-08-11,PDUMJEPULP,EQ,21.65,21.3,21.95,20.8,21.65,21.35,21.39,40476,86573515000.0,114.0,37741,0.9324
2017-08-14,PDUMJEPULP,EQ,21.35,21.3,22.45,21.3,22.0,22.0,22.03,7623,16797125000.0,32.0,7612,0.9986
2017-08-16,PDUMJEPULP,EQ,22.0,21.8,22.5,21.45,22.2,22.2,22.01,25783,56749005000.00001,54.0,4212,0.1634
2017-08-17,PDUMJEPULP,EQ,22.2,23.7,23.75,21.3,22.4,22.2,22.54,4900,11046380000.0,56.0,3377,0.6892
2017-08-18,PDUMJEPULP,EQ,22.2,21.55,22.6,21.55,22.2,22.4,22.14,35764,79169715000.0,77.0,7670,0.2145
2017-08-21,PDUMJEPULP,EQ,22.4,21.6,22.5,21.6,22.0,21.95,22.03,7949,17512945000.0,58.0,4830,0.6076
2017-08-22,PDUMJEPULP,EQ,21.95,22.5,22.5,21.4,21.7,21.7,21.96,15641,34340330000.0,38.0,13810,0.8829000000000001
2017-08-23,PDUMJEPULP,EQ,21.7,21.75,22.1,21.6,21.9,21.65,21.8,4038,8803590000.0,28.0,2855,0.7070000000000001
2017-08-24,PDUMJEPULP,EQ,21.65,21.4,22.7,21.3,22.1,21.9,22.2,25158,55844650000.0,93.0,17496,0.6954000000000001
2017-08-28,PDUMJEPULP,EQ,21.9,21.7,24.45,21.5,24.0,23.85,23.43,133690,313283175000.0,221.0,102833,0.7692
2017-08-29,PDUMJEPULP,EQ,23.85,24.3,24.4,22.0,22.55,22.15,22.37,37464,83802965000.0,230.0,22889,0.611
2017-08-30,PDUMJEPULP,EQ,22.15,22.9,23.45,22.25,22.75,22.7,22.84,8637,19728995000.0,52.0,7207,0.8344
2017-08-31,PDUMJEPULP,EQ,22.7,22.5,23.75,22.05,23.0,23.35,23.19,8848,20518215000.0,65.0,4835,0.5465
2017-09-01,PDUMJEPULP,EQ,23.35,23.8,24.35,22.65,23.95,23.8,23.83,39653,94483910000.0,248.0,26669,0.6726000000000001
2017-09-04,PDUMJEPULP,EQ,23.8,24.0,24.2,22.25,22.6,22.85,22.88,32145,73547675000.0,157.0,23671,0.7364
2017-09-05,PDUMJEPULP,EQ,22.85,22.8,23.3,22.6,22.85,22.95,22.92,5633,12909450000.0,43.0,4932,0.8756
2017-09-06,PDUMJEPULP,EQ,22.95,23.4,23.4,22.7,22.95,23.0,23.04,4594,10586075000.0,18.0,4394,0.9565000000000001
2017-09-07,PDUMJEPULP,EQ,23.0,23.75,23.75,22.05,22.6,22.7,22.83,11611,26512550000.0,112.0,7975,0.6868000000000001
2017-09-08,PDUMJEPULP,EQ,22.7,23.6,24.2,22.3,23.65,23.75,23.74,106963,253941595000.00003,449.0,74860,0.6999
2017-09-11,PDUMJEPULP,EQ,23.75,24.0,24.0,23.05,23.3,23.4,23.59,13667,32237250000.0,109.0,7823,0.5724
2017-09-12,PDUMJEPULP,EQ,23.4,23.2,23.5,22.85,23.0,23.0,23.1,35114,81097085000.0,113.0,30634,0.8724
2017-09-13,PDUMJEPULP,EQ,23.0,22.8,23.7,22.8,23.2,23.05,23.11,20041,46324385000.0,119.0,15521,0.7745000000000001
2017-09-14,PDUMJEPULP,EQ,23.05,23.15,23.2,22.75,22.85,22.95,23.03,7574,17443110000.0,65.0,5401,0.7131000000000001
2017-09-15,PDUMJEPULP,EQ,22.95,23.0,23.15,22.4,22.85,22.75,22.93,24613,56445650000.0,96.0,21915,0.8904000000000001
2017-09-18,PDUMJEPULP,EQ,22.75,22.85,24.2,22.5,23.6,23.7,23.71,91230,216337385000.0,303.0,55098,0.6039
2017-09-19,PDUMJEPULP,EQ,23.7,23.5,25.3,23.45,24.1,24.35,24.58,185363,455633315000.00006,713.0,81230,0.43820000000000003
2017-09-20,PDUMJEPULP,EQ,24.35,24.35,25.0,24.0,24.5,24.5,24.66,41748,102960710000.0,231.0,34391,0.8238
2017-09-21,PDUMJEPULP,EQ,24.5,24.5,24.8,23.05,23.8,23.85,24.02,19897,47795975000.0,179.0,11627,0.5844
2017-09-22,PDUMJEPULP,EQ,23.85,23.7,23.7,22.8,23.15,23.0,23.17,30737,71223540000.0,149.0,24835,0.8079999999999999
2017-09-25,PDUMJEPULP,EQ,23.0,23.0,23.0,22.25,22.6,22.4,22.63,16500,37344965000.0,107.0,13865,0.8403
2017-09-26,PDUMJEPULP,EQ,22.4,22.8,24.75,22.5,23.25,23.35,23.93,50127,119976575000.0,209.0,24382,0.4864
2017-09-27,PDUMJEPULP,EQ,23.35,23.45,27.7,23.45,26.45,26.75,26.65,1057533,2818725865000.0,3622.0,397575,0.37590000000000007
2017-09-28,PDUMJEPULP,EQ,26.75,27.1,28.4,22.6,25.1,24.65,25.79,1239673,3196873160000.0,4694.0,351200,0.2833
2017-09-29,PDUMJEPULP,EQ,24.65,25.55,25.6,23.8,24.35,24.0,24.69,113824,281057170000.0,619.0,59765,0.5251
2017-10-03,PDUMJEPULP,EQ,24.0,25.0,25.5,23.8,23.9,23.85,24.15,164177,396407085000.0,499.0,100757,0.6137
2017-10-04,PDUMJEPULP,EQ,23.85,24.65,24.65,23.85,24.0,24.05,24.09,42135,101523580000.0,186.0,27833,0.6606000000000001
2017-10-05,PDUMJEPULP,EQ,24.05,24.05,24.6,23.75,24.0,23.85,23.96,71960,172392990000.0,268.0,57869,0.8042
2017-10-06,PDUMJEPULP,EQ,23.85,23.85,24.45,23.6,23.8,23.85,23.79,86777,206421145000.0,354.0,55800,0.643
2017-10-09,PDUMJEPULP,EQ,23.85,24.35,25.15,24.0,24.0,24.2,24.34,52588,127999470000.0,295.0,30108,0.5725
2017-10-10,PDUMJEPULP,EQ,24.2,24.85,24.9,23.8,24.1,23.85,24.07,46302,111463205000.0,311.0,26379,0.5697
2017-10-11,PDUMJEPULP,EQ,23.85,23.9,24.25,23.8,23.9,23.85,23.91,41955,100314965000.0,108.0,32660,0.7785
2017-10-12,PDUMJEPULP,EQ,23.85,23.85,24.25,23.7,24.0,24.1,23.94,28850,69065330000.0,101.0,24922,0.8638
2017-10-13,PDUMJEPULP,EQ,24.1,24.1,24.35,23.85,23.9,23.9,23.95,40484,96960200000.0,95.0,36401,0.8991
2017-10-16,PDUMJEPULP,EQ,23.9,24.25,24.25,23.7,24.0,24.05,24.02,17540,42122920000.0,94.0,15636,0.8914
2017-10-17,PDUMJEPULP,EQ,24.05,23.7,24.2,23.65,23.9,23.9,23.99,25077,60155285000.0,85.0,21575,0.8604
2017-10-18,PDUMJEPULP,EQ,23.9,24.0,24.5,23.5,23.95,23.85,23.94,37517,89821045000.0,94.0,29464,0.7854000000000001
2017-10-19,PDUMJEPULP,EQ,23.85,24.5,24.5,22.55,23.8,24.0,23.96,4417,10581600000.0,62.0,3300,0.7471
2017-10-23,PDUMJEPULP,EQ,24.0,24.0,24.0,23.7,23.7,23.7,23.77,36060,85728405000.0,72.0,33949,0.9415000000000001
2017-10-24,PDUMJEPULP,EQ,23.7,24.2,24.2,23.65,23.9,23.8,23.79,7797,18546060000.0,52.0,5940,0.7618
2017-10-25,PDUMJEPULP,EQ,23.8,23.8,24.2,23.65,23.9,23.85,23.74,34750,82487145000.0,92.0,32092,0.9235
2017-10-26,PDUMJEPULP,EQ,23.85,23.5,24.0,23.45,23.65,23.7,23.62,22994,54308860000.0,64.0,19144,0.8326000000000001
2017-10-27,PDUMJEPULP,EQ,23.7,24.0,24.25,23.65,24.05,23.95,24.05,25777,61982344999.99999,108.0,23673,0.9184000000000001
2017-10-30,PDUMJEPULP,EQ,23.95,24.0,24.5,23.75,23.95,23.9,23.91,31651,75681825000.0,109.0,26192,0.8275
2017-10-31,PDUMJEPULP,EQ,23.9,24.25,24.35,23.7,24.0,24.1,24.03,26988,64853260000.0,125.0,19545,0.7242000000000001
2017-11-01,PDUMJEPULP,EQ,24.1,23.8,25.95,23.65,24.5,24.05,24.81,98117,243416825000.0,508.0,53375,0.544
2017-11-02,PDUMJEPULP,EQ,24.05,24.0,25.0,24.0,24.35,24.5,24.37,10132,24689795000.0,67.0,5754,0.5679
2017-11-03,PDUMJEPULP,EQ,24.5,24.7,25.2,24.1,24.55,24.5,24.62,25522,62845760000.0,140.0,15203,0.5957
2017-11-06,PDUMJEPULP,EQ,24.5,25.5,25.5,23.7,24.0,23.9,24.08,26702,64304135000.0,144.0,19380,0.7258
2017-11-07,PDUMJEPULP,EQ,23.9,24.2,24.5,23.25,23.85,23.85,24.0,71335,171207675000.0,226.0,26802,0.37570000000000003
2017-11-08,PDUMJEPULP,EQ,23.85,23.85,24.0,23.35,23.65,23.6,23.66,16436,38892205000.0,76.0,13934,0.8478
2017-11-09,PDUMJEPULP,EQ,23.6,23.65,24.0,23.55,23.7,23.75,23.71,17198,40784210000.0,78.0,12795,0.7440000000000001
2017-11-10,PDUMJEPULP,EQ,23.75,24.0,26.65,23.75,25.75,25.65,25.85,239962,620189845000.0,1324.0,156916,0.6539
2017-11-13,PDUMJEPULP,EQ,25.65,26.35,26.4,23.3,24.95,24.95,24.89,54626,135987350000.0,349.0,29805,0.5456000000000001
2017-11-14,PDUMJEPULP,EQ,24.95,25.7,25.7,24.5,24.6,24.6,24.85,5264,13079635000.0,58.0,4355,0.8273
2017-11-15,PDUMJEPULP,EQ,24.6,25.2,25.2,24.05,24.5,24.25,24.45,18998,46453550000.0,121.0,14697,0.7736000000000001
2017-11-16,PDUMJEPULP,EQ,24.25,24.7,25.0,24.2,24.2,24.5,24.57,14237,34985975000.0,129.0,6850,0.4811
2017-11-17,PDUMJEPULP,EQ,24.5,26.3,26.3,23.8,24.45,24.55,24.85,16412,40780960000.0,110.0,11050,0.6733
2017-11-20,PDUMJEPULP,EQ,24.55,24.0,24.9,24.0,24.05,24.1,24.39,37263,90867135000.0,196.0,20180,0.5416
2017-11-21,PDUMJEPULP,EQ,24.1,24.0,26.0,24.0,24.05,24.25,24.4,16336,39858620000.0,95.0,12421,0.7603
2017-11-22,PDUMJEPULP,EQ,24.25,24.35,24.75,24.0,24.3,24.3,24.34,15701,38212880000.0,75.0,9744,0.6206
2017-11-23,PDUMJEPULP,EQ,24.3,24.35,24.95,24.25,24.25,24.55,24.65,14083,34713135000.0,75.0,9129,0.6482
2017-11-24,PDUMJEPULP,EQ,24.55,24.0,25.8,24.0,24.6,25.2,24.93,27821,69353765000.0,174.0,15760,0.5665
2017-11-27,PDUMJEPULP,EQ,25.2,24.9,25.0,24.2,24.8,24.8,24.72,11401,28186330000.0,56.0,8574,0.752
2017-11-28,PDUMJEPULP,EQ,24.8,25.0,25.45,24.5,25.4,25.2,24.96,48980,122254830000.0,248.0,26041,0.5317000000000001
2017-11-29,PDUMJEPULP,EQ,25.2,25.95,25.95,24.6,25.1,24.8,25.01,43615,109063305000.0,143.0,34301,0.7864
2017-11-30,PDUMJEPULP,EQ,24.8,25.1,25.35,24.55,24.55,24.6,24.89,13560,33744130000.0,72.0,8820,0.6504000000000001
2017-12-01,PDUMJEPULP,EQ,24.6,24.95,25.0,24.2,24.2,24.3,24.77,18796,46550075000.0,111.0,16589,0.8826
2017-12-04,PDUMJEPULP,EQ,24.3,24.5,26.4,24.35,25.4,25.35,25.66,43422,111415850000.0,248.0,31566,0.7270000000000001
2017-12-05,PDUMJEPULP,EQ,25.35,26.0,26.0,24.55,25.45,25.35,25.11,11044,27731030000.0,72.0,7869,0.7125
2017-12-06,PDUMJEPULP,EQ,25.35,26.35,26.35,24.8,25.4,25.0,25.16,14264,35884005000.0,75.0,12643,0.8864000000000001
2017-12-07,PDUMJEPULP,EQ,25.0,25.4,25.4,24.2,25.4,25.2,24.95,18408,45925715000.0,79.0,14119,0.767
2017-12-08,PDUMJEPULP,EQ,25.2,25.0,27.85,25.0,26.8,26.6,27.01,257051,694181695000.0,1165.0,127792,0.49710000000000004
2017-12-11,PDUMJEPULP,EQ,26.6,27.2,30.0,26.9,28.55,28.35,28.98,402888,1167599015000.0,1864.0,219044,0.5437
2017-12-12,PDUMJEPULP,EQ,28.35,28.7,33.25,28.4,31.5,31.6,31.75,834559,2649389000000.0,3992.0,373168,0.4471
2017-12-13,PDUMJEPULP,EQ,31.6,32.0,33.4,29.5,30.05,29.9,31.53,242222,763834790000.0,1542.0,119305,0.4925
2017-12-14,PDUMJEPULP,EQ,29.9,30.5,31.9,29.05,30.8,30.45,30.21,139356,421013590000.00006,842.0,84098,0.6035
2017-12-15,PDUMJEPULP,EQ,30.45,31.45,31.45,29.6,30.5,30.1,30.44,70143,213499920000.00003,399.0,37110,0.5291
2017-12-18,PDUMJEPULP,EQ,30.1,30.45,30.8,27.5,30.1,29.9,29.64,91888,272382420000.00003,349.0,45315,0.4932
2017-12-19,PDUMJEPULP,EQ,29.9,30.2,31.4,29.05,29.9,29.9,29.93,74060,221690310000.0,446.0,33639,0.45420000000000005
2017-12-20,PDUMJEPULP,EQ,29.9,29.35,31.5,29.2,29.85,29.85,30.36,123403,374697515000.0,490.0,73035,0.5918
2017-12-21,PDUMJEPULP,EQ,29.85,30.15,31.2,29.5,31.0,30.7,30.58,150281,459627184999.99994,695.0,89318,0.5943
2017-12-22,PDUMJEPULP,EQ,30.7,31.0,31.25,29.6,29.6,29.85,30.48,57809,176183590000.0,232.0,38699,0.6694
2017-12-26,PDUMJEPULP,EQ,29.85,30.75,30.75,29.4,29.65,29.9,29.81,39613,118095805000.0,221.0,24811,0.6263000000000001
2017-12-27,PDUMJEPULP,EQ,29.9,29.9,30.65,28.7,29.25,29.0,29.77,42739,127252295000.0,292.0,27874,0.6522
2017-12-28,PDUMJEPULP,EQ,29.0,30.2,30.2,28.1,29.4,28.95,28.82,32802,94531835000.0,203.0,21047,0.6416
2017-12-29,PDUMJEPULP,EQ,28.95,29.25,31.25,28.2,29.8,30.1,30.24,209842,634590595000.0,692.0,113685,0.5418000000000001
2018-01-01,PDUMJEPULP,EQ,30.1,30.75,32.95,29.75,30.8,30.6,31.44,202193,635772670000.0,814.0,83820,0.4146
2018-01-02,PDUMJEPULP,EQ,30.6,31.55,31.7,29.25,30.15,29.9,30.12,100770,303522535000.0,428.0,56401,0.5597
2018-01-03,PDUMJEPULP,EQ,29.9,30.4,34.0,30.4,32.8,32.65,32.57,628251,2046494089999.9998,2590.0,205922,0.32780000000000004
2018-01-04,PDUMJEPULP,EQ,32.65,32.9,35.45,32.9,34.5,34.6,34.41,621073,2137156810000.0002,2500.0,380913,0.6133
2018-01-05,PDUMJEPULP,EQ,34.6,34.85,35.45,33.2,33.35,34.0,34.24,182334,624221585000.0,677.0,137423,0.7537
2018-01-08,PDUMJEPULP,EQ,34.0,33.25,34.45,32.05,33.1,33.0,32.86,73742,242350804999.99997,480.0,40252,0.5458
2018-01-09,PDUMJEPULP,EQ,33.0,33.5,34.0,31.75,32.0,32.05,32.52,48292,157032890000.0,342.0,31792,0.6583
2018-01-10,PDUMJEPULP,EQ,32.05,31.45,32.5,31.2,31.25,31.25,31.71,33169,105192010000.00002,221.0,24922,0.7514000000000001
2018-01-11,PDUMJEPULP,EQ,31.25,32.0,32.0,30.6,31.85,31.45,31.22,30774,96062470000.0,172.0,16557,0.538
2018-01-12,PDUMJEPULP,EQ,31.45,32.7,33.8,30.8,31.75,31.6,32.6,267381,871621475000.0,1008.0,114593,0.4286
2018-01-15,PDUMJEPULP,EQ,31.6,32.95,32.95,31.35,32.2,31.9,31.94,44926,143489035000.0,252.0,29650,0.66
2018-01-16,PDUMJEPULP,EQ,31.9,32.45,32.45,30.5,30.75,30.75,31.27,47996,150098275000.0,205.0,34223,0.713
2018-01-17,PDUMJEPULP,EQ,30.75,31.8,31.8,29.6,30.0,29.9,30.02,43696,131162280000.0,214.0,30037,0.6874
2018-01-18,PDUMJEPULP,EQ,29.9,31.0,31.35,27.55,28.8,28.4,29.62,60254,178468435000.0,304.0,28854,0.4789
2018-01-19,AMJLAND,EQ,28.4,31.0,32.35,28.8,29.3,29.35,30.89,116954,361288945000.0,623.0,40353,0.34500000000000003
2018-01-22,AMJLAND,EQ,29.35,30.0,30.0,27.55,27.9,27.85,28.06,24361,68349925000.0,129.0,17013,0.6984
2018-01-23,AMJLAND,EQ,27.85,27.9,27.95,26.15,26.4,26.35,27.17,36081,98023645000.0,181.0,24956,0.6917
2018-01-24,AMJLAND,EQ,26.35,26.5,26.65,24.95,26.3,25.65,25.81,32341,83459655000.0,172.0,20948,0.6476999999999999
2018-01-25,AMJLAND,EQ,25.65,25.35,26.5,25.35,25.75,25.75,25.76,41290,106344335000.00002,126.0,30448,0.7373999999999999
2018-01-29,AMJLAND,EQ,25.75,25.75,26.85,25.6,25.7,25.75,26.15,11544,30189584999.999996,76.0,9533,0.8258
2018-01-30,AMJLAND,EQ,25.75,25.2,25.5,25.0,25.3,25.15,25.15,16143,40601060000.0,101.0,11912,0.7379000000000001
2018-01-31,AMJLAND,EQ,25.15,24.8,25.8,24.8,25.55,25.55,25.3,22372,56604310000.0,77.0,15773,0.705
2018-02-01,AMJLAND,EQ,25.55,25.45,26.45,24.85,26.35,26.1,25.82,21868,56472165000.0,89.0,11814,0.5402
2018-02-02,AMJLAND,EQ,26.1,26.05,26.05,24.5,24.65,24.75,24.97,30303,75668815000.0,104.0,23407,0.7724
2018-02-05,AMJLAND,EQ,24.75,23.3,25.5,23.3,24.5,25.05,24.19,22053,53338630000.00001,104.0,15867,0.7195
2018-02-06,AMJLAND,EQ,25.05,24.0,26.0,23.6,24.7,24.5,24.16,24530,59254980000.00001,83.0,20074,0.8183
2018-02-07,AMJLAND,EQ,24.5,24.0,26.5,24.0,25.5,25.35,24.99,11026,27550645000.0,58.0,8739,0.7926000000000001
2018-02-08,AMJLAND,EQ,25.35,26.0,26.9,24.2,25.1,25.2,25.81,9646,24893600000.0,106.0,7085,0.7345
2018-02-09,AMJLAND,EQ,25.2,25.5,25.95,24.5,25.35,25.4,25.41,22850,58072410000.0,87.0,21504,0.9411
2018-02-12,AMJLAND,EQ,25.4,26.6,28.85,26.5,28.15,28.3,27.95,40261,112515789999.99998,322.0,19902,0.4943
2018-02-14,AMJLAND,EQ,28.3,28.5,29.7,27.9,28.35,28.45,28.74,23111,66426469999.99999,142.0,16449,0.7117
2018-02-15,AMJLAND,EQ,28.45,28.95,29.3,28.0,28.1,28.15,28.52,9925,28301530000.0,61.0,8042,0.8103
2018-02-16,AMJLAND,EQ,28.15,29.2,29.2,27.35,27.75,27.8,27.69,19052,52758400000.0,92.0,13385,0.7026000000000001
2018-02-19,AMJLAND,EQ,27.8,27.75,27.9,26.05,27.55,27.5,27.4,10392,28473545000.0,72.0,7119,0.685
2018-02-20,AMJLAND,EQ,27.5,28.5,28.5,26.7,27.8,27.8,27.57,1913,5275010000.0,26.0,1505,0.7867000000000001
2018-02-21,AMJLAND,EQ,27.8,28.9,28.9,26.35,26.5,26.65,26.71,7030,18779790000.0,66.0,4693,0.6676000000000001
2018-02-22,AMJLAND,EQ,26.65,27.5,27.5,25.8,25.85,25.9,26.17,4513,11812535000.0,52.0,3177,0.7040000000000001
2018-02-23,AMJLAND,EQ,25.9,26.25,27.65,25.8,27.0,27.2,26.58,19857,52771805000.00001,133.0,12522,0.6306
2018-02-26,AMJLAND,EQ,27.2,27.2,27.3,26.75,26.75,27.0,27.04,9052,24477795000.0,27.0,8501,0.9390999999999999
2018-02-27,AMJLAND,EQ,27.0,27.9,27.9,26.3,26.55,26.4,26.44,20252,53553215000.0,100.0,14671,0.7244
2018-02-28,AMJLAND,EQ,26.4,26.0,26.35,25.9,25.95,25.95,25.99,19485,50643770000.0,51.0,13397,0.6876000000000001
2018-03-01,AMJLAND,EQ,25.95,26.3,26.75,26.25,26.25,26.3,26.41,6152,16249990000.0,57.0,5034,0.8183
2018-03-05,AMJLAND,EQ,26.3,26.05,26.6,25.95,26.1,26.1,26.06,10906,28422240000.000004,42.0,8967,0.8222
2018-03-06,AMJLAND,EQ,26.1,26.1,26.95,25.8,25.8,25.85,25.98,6657,17293625000.0,30.0,4339,0.6518
2018-03-07,AMJLAND,EQ,25.85,25.8,25.85,24.8,24.9,24.9,25.24,12952,32684809999.999996,60.0,10134,0.7824
2018-03-08,AMJLAND,EQ,24.9,24.8,25.0,24.4,24.45,24.55,24.67,8102,19984285000.0,38.0,5197,0.6414
2018-03-09,AMJLAND,EQ,24.55,26.0,26.0,24.3,24.4,24.5,24.86,3217,7996425000.0,30.0,2165,0.6729999999999999
2018-03-12,AMJLAND,EQ,24.5,24.55,26.95,24.55,26.3,26.05,25.46,12602,32081465000.000004,131.0,5254,0.4169
2018-03-13,AMJLAND,EQ,26.05,26.4,27.0,24.75,25.35,25.55,25.42,15036,38218495000.0,236.0,13000,0.8645999999999999
2018-03-14,AMJLAND,EQ,25.55,25.0,26.35,24.55,25.25,25.75,25.21,5672,14300490000.0,49.0,2745,0.484
2018-03-15,AMJLAND,EQ,25.75,25.15,25.65,24.85,24.95,25.1,25.08,12618,31650105000.0,129.0,6730,0.5334000000000001
2018-03-16,AMJLAND,EQ,25.1,25.1,25.9,24.7,24.7,24.8,24.87,6474,16103615000.0,40.0,4367,0.6745
2018-03-19,AMJLAND,EQ,24.8,24.65,25.3,24.25,24.25,24.3,24.73,16121,39868505000.0,191.0,14179,0.8795000000000001
2018-03-20,AMJLAND,EQ,24.3,24.5,25.15,24.2,24.2,24.35,24.4,11861,28938345000.0,52.0,6776,0.5713
2018-03-21,AMJLAND,EQ,24.35,24.2,24.95,24.2,24.35,24.35,24.42,4544,11097285000.0,35.0,4250,0.9353
2018-03-22,AMJLAND,EQ,24.35,24.45,25.0,23.65,23.65,23.85,24.1,12528,30189520000.0,51.0,11285,0.9008
2018-03-23,AMJLAND,EQ,23.85,22.3,24.0,21.05,23.5,23.4,22.97,7289,16743465000.0,84.0,5265,0.7223
2018-03-26,AMJLAND,EQ,23.4,24.85,24.85,22.25,23.0,23.2,23.2,14672,34043850000.0,124.0,9551,0.6509999999999999
2018-03-27,AMJLAND,EQ,23.2,24.65,24.65,23.1,23.55,23.75,24.01,4385,10530480000.0,42.0,3617,0.8249
2018-03-28,AMJLAND,EQ,23.75,23.15,23.7,22.75,22.75,22.95,23.24,8805,20461245000.0,49.0,7786,0.8843000000000001
2018-04-02,AMJLAND,EQ,22.95,22.75,23.95,22.75,23.2,23.25,23.43,4670,10941150000.0,43.0,3709,0.7942
2018-04-03,AMJLAND,EQ,23.25,23.6,24.6,23.6,24.15,24.2,24.12,4511,10878675000.0,31.0,4276,0.9479000000000001
2018-04-04,AMJLAND,EQ,24.2,24.55,25.5,23.35,23.65,23.75,24.49,8549,20936240000.0,73.0,7388,0.8642000000000001
2018-04-05,AMJLAND,EQ,23.75,23.75,24.9,23.75,24.75,24.4,24.47,14503,35484475000.0,63.0,11930,0.8226000000000001
2018-04-06,AMJLAND,EQ,24.4,24.0,24.65,23.7,24.15,24.15,24.03,8509,20447425000.0,34.0,7801,0.9168000000000001
2018-04-09,AMJLAND,EQ,24.15,24.15,25.0,24.0,24.1,24.1,24.25,5935,14392060000.0,29.0,4494,0.7572
2018-04-10,AMJLAND,EQ,24.1,23.75,24.75,23.75,24.45,24.45,24.22,6276,15201195000.000002,50.0,3746,0.5969
2018-04-11,AMJLAND,EQ,24.45,25.4,26.4,24.3,24.3,24.35,24.6,6250,15373500000.0,51.0,4343,0.6949
2018-04-12,AMJLAND,EQ,24.35,24.3,24.3,23.8,24.3,24.0,24.04,6286,15112829999.999998,23.0,6136,0.9761
2018-04-13,AMJLAND,EQ,24.0,23.6,24.5,23.6,24.0,24.0,24.12,10197,24595980000.0,33.0,4683,0.4593
2018-04-16,AMJLAND,EQ,24.0,23.5,24.3,23.45,23.5,23.45,23.48,2194,5152605000.0,19.0,1325,0.6039
2018-04-17,AMJLAND,EQ,23.45,23.55,24.0,23.55,23.6,23.6,23.61,6062,14314529999.999998,32.0,3830,0.6318
2018-04-18,AMJLAND,EQ,23.6,23.6,23.85,23.1,23.5,23.45,23.36,7038,16443210000.0,39.0,5739,0.8154000000000001
2018-04-19,AMJLAND,EQ,23.45,23.1,28.1,23.1,28.1,28.1,27.45,334522,918214660000.0,476.0,287513,0.8595
2018-04-20,AMJLAND,EQ,28.1,29.4,31.0,26.15,26.5,26.9,29.48,211791,624334840000.0,1595.0,84372,0.39840000000000003
2018-04-23,AMJLAND,EQ,26.9,27.4,27.4,25.5,25.65,25.75,26.18,32443,84950360000.0,253.0,23529,0.7252
2018-04-24,AMJLAND,EQ,25.75,25.65,26.45,25.4,25.7,26.0,26.01,14287,37161130000.0,95.0,11589,0.8112
2018-04-25,AMJLAND,EQ,26.0,27.85,27.85,25.5,26.35,26.65,26.68,34116,91038070000.0,147.0,25811,0.7565999999999999
2018-04-26,AMJLAND,EQ,26.65,26.15,28.7,25.25,27.2,27.15,27.87,78491,218731225000.0,286.0,53339,0.6796
2018-04-27,AMJLAND,EQ,27.15,28.2,29.15,27.0,28.75,28.75,28.55,59059,168624360000.0,294.0,39706,0.6723
2018-04-30,AMJLAND,EQ,28.75,29.5,29.5,26.65,27.25,26.95,27.64,18156,50174340000.0,209.0,6466,0.3561
2018-05-02,AMJLAND,EQ,26.95,26.1,27.5,25.65,26.3,25.85,26.42,17848,47158575000.0,238.0,9724,0.5448
2018-05-03,AMJLAND,EQ,25.85,27.0,27.0,25.75,26.7,26.2,26.37,3663,9659880000.0,71.0,2729,0.745
2018-05-04,AMJLAND,EQ,26.2,28.75,28.75,26.05,26.15,26.25,26.7,8366,22338060000.0,85.0,4474,0.5347999999999999
2018-05-07,AMJLAND,EQ,26.25,26.15,27.0,25.3,25.5,25.55,26.24,24686,64772165000.0,150.0,20791,0.8422000000000001
2018-05-08,AMJLAND,EQ,25.55,26.9,28.8,25.5,28.25,28.25,27.94,149253,417003450000.0,514.0,53795,0.3604
2018-05-09,AMJLAND,EQ,28.25,29.75,29.9,27.6,29.15,29.65,29.44,227756,670457590000.0,516.0,118813,0.5217
2018-05-10,AMJLAND,EQ,29.65,29.3,34.3,29.0,32.8,33.25,32.54,797149,2594021815000.0,1893.0,323055,0.4053
2018-05-11,AMJLAND,EQ,33.25,33.0,34.6,32.5,33.4,33.55,33.7,397031,1338118760000.0,2105.0,141897,0.35740000000000005
2018-05-14,AMJLAND,EQ,33.55,34.45,35.3,29.4,29.4,30.05,32.48,250698,814271045000.0,1623.0,134196,0.5353
2018-05-15,AMJLAND,EQ,30.05,29.25,31.95,27.65,28.0,28.25,30.0,89423,268313635000.0,780.0,37784,0.4225
2018-05-16,AMJLAND,EQ,28.25,28.1,29.9,27.15,29.1,28.8,28.49,252201,718616160000.0,382.0,136008,0.5393
2018-05-17,AMJLAND,EQ,28.8,28.3,29.5,27.55,29.0,29.3,29.18,67999,198426690000.0,184.0,59197,0.8706
2018-05-18,AMJLAND,EQ,29.3,28.7,29.25,27.85,29.0,28.5,28.52,16247,46332175000.0,135.0,9454,0.5819
2018-05-21,AMJLAND,EQ,28.5,28.5,28.8,27.45,27.75,28.1,27.95,21362,59714150000.0,116.0,15974,0.7478
2018-05-22,AMJLAND,EQ,28.1,27.8,28.5,26.75,26.8,26.95,27.16,17460,47419165000.0,142.0,14512,0.8312
2018-05-23,AMJLAND,EQ,26.95,26.9,26.9,24.85,24.95,25.05,25.59,61594,157605290000.0,378.0,45419,0.7373999999999999
2018-05-24,AMJLAND,EQ,25.05,25.35,25.35,24.4,24.4,24.45,24.65,22239,54817480000.00001,163.0,19487,0.8763
2018-05-25,AMJLAND,EQ,24.45,24.3,29.3,24.05,27.8,27.95,28.01,257051,719918555000.0,2526.0,52041,0.2025
2018-05-28,AMJLAND,EQ,27.95,27.7,27.7,25.6,26.4,26.25,26.17,49324,129084480000.0,460.0,26805,0.5434
2018-05-29,AMJLAND,EQ,26.25,26.0,26.15,25.05,25.15,25.4,25.7,31606,81222345000.0,169.0,25036,0.7920999999999999
2018-05-30,AMJLAND,EQ,25.4,25.15,25.85,24.5,25.45,25.2,25.39,10747,27290059999.999996,68.0,6617,0.6157
2018-05-31,AMJLAND,EQ,25.2,25.3,25.45,24.05,24.45,24.45,24.56,26536,65161080000.00001,193.0,14517,0.5471
2018-06-01,AMJLAND,EQ,24.45,24.45,24.9,24.05,24.85,24.65,24.51,14040,34406860000.0,116.0,11077,0.789
2018-06-04,AMJLAND,EQ,24.65,24.45,25.1,23.5,23.55,24.15,24.26,14806,35922160000.0,58.0,13543,0.9147
2018-06-05,AMJLAND,EQ,24.15,23.8,24.5,22.3,23.25,23.1,23.35,32735,76439780000.0,242.0,17641,0.5389
2018-06-06,AMJLAND,EQ,23.1,23.1,26.8,22.3,25.85,25.55,24.55,66348,162898775000.0,207.0,57519,0.8669
2018-06-07,AMJLAND,EQ,25.55,25.0,25.6,24.05,25.15,24.65,24.78,16107,39910910000.0,96.0,12520,0.7773000000000001
2018-06-08,AMJLAND,EQ,24.65,25.0,25.15,24.15,24.7,24.5,24.51,1538,3769744999.9999995,27.0,1482,0.9636
2018-06-11,AMJLAND,EQ,24.5,24.3,25.5,23.2,25.2,25.05,24.62,3278,8069664999.999999,64.0,2302,0.7023
2018-06-12,AMJLAND,EQ,25.05,24.7,27.25,24.05,25.0,24.9,25.16,18427,46356330000.0,145.0,12408,0.6734
2018-06-13,AMJLAND,EQ,24.9,25.0,25.95,25.0,25.2,25.55,25.49,8681,22128960000.0,113.0,6415,0.7390000000000001
2018-06-14,AMJLAND,EQ,25.55,25.0,25.9,24.5,25.1,25.35,25.39,11935,30306730000.0,53.0,6620,0.5547
2018-06-15,AMJLAND,EQ,25.35,25.0,25.65,24.85,25.3,25.25,25.19,3344,8422160000.000001,22.0,2319,0.6935
2018-06-18,AMJLAND,EQ,25.25,25.05,25.35,24.55,25.3,25.15,25.09,6601,16559340000.0,30.0,4100,0.6211
2018-06-19,AMJLAND,EQ,25.15,25.0,25.5,24.7,25.0,25.25,25.11,5381,13509225000.0,26.0,4679,0.8695
2018-06-20,AMJLAND,EQ,25.25,25.6,25.6,24.4,24.8,24.85,24.74,8881,21970955000.0,56.0,5159,0.5809000000000001
2018-06-21,AMJLAND,EQ,24.85,25.95,25.95,24.3,24.5,24.5,24.57,6020,14791165000.0,26.0,4349,0.7223999999999999
2018-06-22,AMJLAND,EQ,24.5,24.55,24.55,23.65,24.35,24.3,24.09,16224,39076590000.0,81.0,11804,0.7276
2018-06-25,AMJLAND,EQ,24.3,24.2,28.8,24.05,27.5,28.0,27.43,248940,682723690000.0,940.0,96277,0.38670000000000004
2018-06-26,AMJLAND,EQ,28.0,27.8,29.7,27.0,28.75,28.9,28.8,210127,605221165000.0,1194.0,82383,0.3921
2018-06-27,AMJLAND,EQ,28.9,28.5,30.4,26.6,28.0,28.2,28.92,204139,590344095000.0,1173.0,64660,0.31670000000000004
2018-06-28,AMJLAND,EQ,28.2,27.9,28.85,26.5,27.3,27.8,27.6,138592,382512400000.0,459.0,65964,0.47600000000000003
2018-06-29,AMJLAND,EQ,27.8,27.35,33.35,27.35,29.5,32.0,31.12,1121627,3490698935000.0,2705.0,219198,0.1954
2018-07-02,AMJLAND,EQ,32.0,32.5,35.5,28.5,29.9,30.2,32.46,1836805,5962391980000.0,6797.0,617337,0.3361
2018-07-03,AMJLAND,EQ,30.2,29.9,29.9,26.5,27.2,26.75,27.78,339672,943736669999.9999,2041.0,157022,0.4623
2018-07-04,AMJLAND,EQ,26.75,27.0,27.3,25.3,26.3,26.4,26.17,193723,507053245000.0,960.0,80949,0.4179
2018-07-05,AMJLAND,EQ,26.4,26.5,27.7,25.5,26.85,27.1,26.71,166515,444707084999.99994,885.0,70176,0.4214
2018-07-06,AMJLAND,EQ,27.1,26.5,27.65,26.5,27.0,26.95,27.21,73649,200377920000.0,468.0,34801,0.47250000000000003
2018-07-09,AMJLAND,EQ,26.95,26.95,28.3,25.3,26.15,26.75,27.11,69195,187617925000.0,379.0,32562,0.4706
2018-07-10,AMJLAND,EQ,26.75,26.85,27.45,26.45,26.5,26.7,26.89,54841,147452360000.0,289.0,36756,0.6702
2018-07-11,AMJLAND,EQ,26.7,26.4,27.35,25.75,25.85,26.05,26.55,52157,138451975000.0,317.0,37472,0.7184
2018-07-12,AMJLAND,EQ,26.05,26.4,27.1,26.0,26.35,26.25,26.51,56192,148958935000.0,310.0,26780,0.47659999999999997
2018-07-13,AMJLAND,EQ,26.25,26.05,26.5,25.6,25.7,25.9,26.07,52975,138124505000.0,253.0,30029,0.5669
2018-07-16,AMJLAND,EQ,25.9,26.2,26.2,24.6,24.8,25.05,25.61,45557,116692625000.0,272.0,27147,0.5959000000000001
2018-07-17,AMJLAND,EQ,25.05,24.8,26.1,24.8,24.9,25.1,25.28,42656,107826470000.0,253.0,21305,0.49950000000000006
2018-07-18,AMJLAND,EQ,25.1,25.9,25.9,24.5,24.55,24.8,25.16,31025,78067755000.0,105.0,15519,0.5002000000000001
2018-07-19,AMJLAND,EQ,24.8,24.5,25.3,24.0,25.1,24.7,24.69,22037,54405975000.0,198.0,16130,0.7320000000000001
2018-07-20,AMJLAND,EQ,24.7,25.0,25.0,24.5,24.7,24.65,24.65,11316,27889355000.0,75.0,9116,0.8056000000000001
2018-07-23,AMJLAND,EQ,24.65,25.0,25.5,23.85,24.0,24.1,24.27,34966,84875080000.0,327.0,21355,0.6107
2018-07-24,AMJLAND,EQ,24.1,24.15,25.45,24.15,25.45,25.35,25.02,34297,85827325000.0,149.0,26151,0.7625000000000001
2018-07-25,AMJLAND,EQ,25.35,25.5,26.9,25.2,26.5,26.45,26.28,75682,198893535000.0,393.0,37391,0.4941
2018-07-26,AMJLAND,EQ,26.45,26.5,28.0,26.05,27.85,27.55,26.98,72734,196228425000.0,383.0,44709,0.6147
2018-07-27,AMJLAND,EQ,27.55,27.2,28.4,27.1,27.7,27.95,27.83,93817,261067710000.0,430.0,55567,0.5922999999999999
2018-07-30,AMJLAND,EQ,27.95,28.5,28.5,27.5,27.65,27.6,27.95,88114,246273100000.0,480.0,55063,0.6249
2018-07-31,AMJLAND,EQ,27.6,27.95,28.3,27.5,27.95,27.75,27.84,65701,182912185000.0,140.0,43982,0.6694
2018-08-01,AMJLAND,EQ,27.75,28.35,28.45,27.5,27.5,27.6,27.92,57929,161749565000.0,189.0,45175,0.7798
2018-08-02,AMJLAND,EQ,27.6,27.9,27.9,27.1,27.75,27.55,27.54,14344,39503435000.0,130.0,9662,0.6736
2018-08-03,AMJLAND,EQ,27.55,27.75,28.9,27.1,27.95,28.3,28.1,75885,213221470000.00003,455.0,42450,0.5594
2018-08-06,AMJLAND,EQ,28.3,27.55,28.45,26.65,27.8,27.65,27.73,25511,70744660000.0,190.0,19092,0.7484000000000001
2018-08-07,AMJLAND,EQ,27.65,27.3,27.7,26.85,27.6,27.5,27.36,28767,78720600000.0,159.0,20305,0.7058
2018-08-08,AMJLAND,EQ,27.5,27.5,27.75,26.75,26.8,26.95,27.31,14656,40028955000.0,109.0,11290,0.7703
2018-08-09,AMJLAND,EQ,26.95,26.95,26.95,25.6,25.8,25.9,26.24,32932,86429375000.0,212.0,23006,0.6986
2018-08-10,AMJLAND,EQ,25.9,25.8,27.45,25.8,26.5,26.4,26.88,25529,68623140000.0,162.0,14409,0.5644
2018-08-13,AMJLAND,EQ,26.4,26.5,26.75,25.5,26.7,26.45,26.11,8110,21177940000.0,65.0,4606,0.5679
2018-08-14,AMJLAND,EQ,26.45,26.7,26.7,25.65,25.65,25.9,26.21,22132,58004330000.00001,151.0,15163,0.6851
2018-08-16,AMJLAND,EQ,25.9,25.9,26.3,25.15,25.15,25.25,25.61,19128,48990675000.0,121.0,11853,0.6197
2018-08-17,AMJLAND,EQ,25.25,25.5,25.85,25.0,25.4,25.2,25.42,22383,56888380000.00001,146.0,16438,0.7343999999999999
2018-08-20,AMJLAND,EQ,25.2,25.2,25.9,25.2,25.2,25.35,25.48,19754,50324840000.0,101.0,15131,0.766
2018-08-21,AMJLAND,EQ,25.35,25.2,26.0,25.2,25.4,25.25,25.47,33130,84387885000.0,124.0,19109,0.5768
2018-08-23,AMJLAND,EQ,25.25,25.6,25.6,25.0,25.0,25.1,25.17,9798,24663710000.0,68.0,6541,0.6676000000000001
2018-08-24,AMJLAND,EQ,25.1,24.85,25.0,24.6,25.0,24.75,24.86,16748,41642630000.0,91.0,15113,0.9024
2018-08-27,AMJLAND,EQ,24.75,24.8,25.1,24.65,24.95,25.05,24.89,7619,18961715000.0,95.0,5725,0.7514000000000001
2018-08-28,AMJLAND,EQ,25.05,24.9,25.25,24.55,24.55,24.8,24.94,11376,28373059999.999996,59.0,10781,0.9477
2018-08-29,AMJLAND,EQ,24.8,24.8,25.15,24.4,24.75,24.75,24.9,18463,45978540000.0,97.0,14101,0.7637
2018-08-30,AMJLAND,EQ,24.75,25.45,29.0,24.9,27.2,27.3,27.61,146392,404127360000.0,1002.0,62054,0.4239
2018-08-31,AMJLAND,EQ,27.3,27.9,27.9,26.1,26.1,26.3,26.59,20561,54678885000.0,198.0,15068,0.7328
2018-09-03,AMJLAND,EQ,26.3,26.15,26.6,25.9,26.25,26.0,26.18,14349,37568760000.0,110.0,9859,0.6870999999999999
2018-09-04,AMJLAND,EQ,26.0,26.0,26.45,25.3,25.3,25.4,25.74,7491,19280245000.0,92.0,5950,0.7943000000000001
2018-09-05,AMJLAND,EQ,25.4,25.5,25.5,24.25,24.75,24.55,24.6,34528,84953790000.0,257.0,29446,0.8528
2018-09-06,AMJLAND,EQ,24.55,24.55,25.15,24.2,24.8,24.8,24.67,37570,92684515000.0,132.0,28019,0.7458
2018-09-07,AMJLAND,EQ,24.8,24.75,26.25,24.75,25.3,25.3,25.67,29890,76716350000.0,170.0,16404,0.5488000000000001
2018-09-10,AMJLAND,EQ,25.3,25.1,26.3,25.1,26.3,26.05,25.88,18388,47588105000.0,105.0,11449,0.6226
2018-09-11,AMJLAND,EQ,26.05,26.3,26.4,25.3,25.8,25.6,25.74,13741,35366610000.0,105.0,6977,0.5078
2018-09-12,AMJLAND,EQ,25.6,25.3,25.3,24.55,24.55,24.75,24.76,29118,72099715000.0,117.0,22873,0.7855
2018-09-14,AMJLAND,EQ,24.75,25.8,25.8,24.65,25.0,24.9,24.97,9533,23802585000.0,76.0,6949,0.7289
2018-09-17,AMJLAND,EQ,24.9,24.85,25.8,24.3,25.5,25.5,24.89,23888,59462535000.0,170.0,14264,0.5971000000000001
2018-09-18,AMJLAND,EQ,25.5,25.2,25.45,24.15,24.35,24.45,24.62,45807,112767414999.99998,417.0,32916,0.7186
2018-09-19,AMJLAND,EQ,24.45,24.9,24.95,24.5,24.75,24.55,24.86,14586,36256510000.0,71.0,9467,0.649
2018-09-21,AMJLAND,EQ,24.55,24.6,25.95,23.15,23.75,23.55,24.32,40434,98345700000.0,244.0,24208,0.5987
2018-09-24,AMJLAND,EQ,23.55,24.0,24.0,21.25,22.7,22.45,22.19,42900,95197375000.0,296.0,24232,0.5648
2018-09-25,AMJLAND,EQ,22.45,21.65,22.95,21.65,22.0,22.1,22.1,15695,34690590000.0,109.0,10361,0.6601
2018-09-26,AMJLAND,EQ,22.1,22.25,22.65,21.8,22.2,22.05,22.18,15930,35330545000.0,58.0,11802,0.7409
2018-09-27,AMJLAND,EQ,22.05,22.95,22.95,21.65,21.65,21.7,21.9,3777,8270235000.000001,36.0,3447,0.9126000000000001
2018-09-28,AMJLAND,EQ,21.7,21.55,22.0,20.75,20.9,21.05,21.54,30283,65228765000.0,114.0,23370,0.7717
2018-10-01,AMJLAND,EQ,21.05,20.5,20.5,19.5,19.75,19.85,19.91,35211,70089145000.0,137.0,26452,0.7512000000000001
2018-10-03,AMJLAND,EQ,19.85,19.55,20.95,19.2,20.95,20.7,20.52,6954,14267965000.0,70.0,4885,0.7025
2018-10-04,AMJLAND,EQ,20.7,20.3,21.0,19.6,19.6,19.75,20.06,7337,14720820000.000002,78.0,5767,0.7859999999999999
2018-10-05,AMJLAND,EQ,19.75,20.3,20.3,18.5,18.65,18.7,19.09,17422,33250490000.000004,148.0,13250,0.7605
2018-10-08,AMJLAND,EQ,18.7,19.0,21.4,18.6,18.95,18.95,19.78,26862,53122355000.00001,170.0,19024,0.7081999999999999
2018-10-09,AMJLAND,EQ,18.95,19.5,22.7,19.3,22.7,22.5,21.66,81960,177542980000.0,234.0,66495,0.8113
2018-10-10,AMJLAND,EQ,22.5,23.5,23.5,22.3,22.85,22.8,23.0,22739,52298780000.0,171.0,8987,0.39520000000000005
2018-10-11,AMJLAND,EQ,22.8,22.65,22.65,20.45,21.95,21.65,21.72,16389,35601120000.0,117.0,9966,0.6081000000000001
2018-10-12,AMJLAND,EQ,21.65,22.0,22.5,20.8,21.9,21.9,21.81,9105,19861410000.0,88.0,5948,0.6533
2018-10-15,AMJLAND,EQ,21.9,21.5,22.55,21.2,22.5,22.35,22.19,6527,14486400000.0,51.0,4989,0.7644
2018-10-16,AMJLAND,EQ,22.35,22.5,22.7,21.55,22.1,21.95,22.03,2953,6506890000.0,55.0,2240,0.7586
2018-10-17,AMJLAND,EQ,21.95,22.0,22.9,21.65,22.6,21.9,21.95,6702,14713485000.0,72.0,3164,0.4721
2018-10-19,AMJLAND,EQ,21.9,22.6,22.6,21.2,22.0,21.75,21.59,5822,12568975000.0,106.0,4474,0.7685
2018-10-22,AMJLAND,EQ,21.75,22.0,22.5,21.55,22.4,22.05,22.08,40638,89745810000.0,171.0,28741,0.7072
2018-10-23,AMJLAND,EQ,22.05,21.55,22.25,21.35,21.5,21.5,21.7,8176,17738255000.0,58.0,6728,0.8229000000000001
2018-10-24,AMJLAND,EQ,21.5,21.6,22.15,21.25,21.3,21.4,21.63,16784,36302680000.0,93.0,3100,0.1847
2018-10-25,AMJLAND,EQ,21.4,21.2,21.75,20.6,21.2,21.15,20.97,7958,16689365000.0,74.0,4572,0.5745
2018-10-26,AMJLAND,EQ,21.15,21.45,21.75,20.85,21.45,21.35,21.28,6928,14745160000.0,70.0,5321,0.768
2018-10-29,AMJLAND,EQ,21.35,22.0,22.4,21.1,21.2,21.5,21.7,25216,54707300000.0,152.0,18227,0.7228
2018-10-30,AMJLAND,EQ,21.5,21.3,21.65,21.25,21.6,21.6,21.48,10501,22551630000.0,69.0,7074,0.6737000000000001
2018-10-31,AMJLAND,EQ,21.6,21.55,22.4,21.4,21.95,22.25,22.03,18227,40150895000.0,136.0,16122,0.8845000000000001
2018-11-01,AMJLAND,EQ,22.25,22.0,22.5,21.25,21.4,21.7,21.83,10165,22193795000.0,118.0,8150,0.8018000000000001
2018-11-02,AMJLAND,EQ,21.7,22.0,23.0,21.75,21.8,22.0,22.54,27420,61811605000.00001,143.0,20116,0.7336
2018-11-05,AMJLAND,EQ,22.0,22.0,22.6,21.7,22.5,22.35,22.29,14492,32305134999.999996,175.0,8767,0.605
2018-11-06,AMJLAND,EQ,22.35,22.45,22.5,22.0,22.5,22.3,22.28,4308,9598750000.0,25.0,2713,0.6298
2018-11-07,AMJLAND,EQ,22.3,22.5,22.9,22.45,22.9,22.65,22.6,516,1165925000.0,15.0,459,0.8895000000000001
2018-11-09,AMJLAND,EQ,22.65,22.0,23.55,22.0,23.15,23.3,23.08,5650,13040685000.0,53.0,5408,0.9572
2018-11-12,AMJLAND,EQ,23.3,23.35,23.9,22.6,23.35,23.35,23.24,12632,29352145000.0,124.0,7480,0.5921000000000001
2018-11-13,AMJLAND,EQ,23.35,23.45,23.9,22.55,23.2,22.85,23.39,8818,20622980000.0,97.0,4481,0.5082
2018-11-14,AMJLAND,EQ,22.85,22.85,22.85,21.6,22.0,22.35,22.06,34922,77028280000.0,91.0,23489,0.6726000000000001
2018-11-15,AMJLAND,EQ,22.35,22.2,23.5,21.25,23.05,23.35,22.67,26868,60918690000.0,194.0,18448,0.6866
2018-11-16,AMJLAND,EQ,23.35,23.0,24.0,22.1,23.4,23.35,23.57,58462,137795995000.0,290.0,27426,0.46909999999999996
2018-11-19,AMJLAND,EQ,23.35,23.0,23.0,22.15,22.6,22.5,22.56,4444,10023570000.0,85.0,2592,0.5833
2018-11-20,AMJLAND,EQ,22.5,22.5,22.6,22.3,22.55,22.45,22.42,686,1537875000.0,13.0,641,0.9344
2018-11-21,AMJLAND,EQ,22.45,22.55,22.55,21.65,21.8,21.9,21.93,4833,10598040000.0,86.0,3604,0.7456999999999999
2018-11-22,AMJLAND,EQ,21.9,22.15,22.25,21.2,21.55,21.65,21.89,4799,10506675000.0,60.0,3903,0.8133
2018-11-26,AMJLAND,EQ,21.65,22.5,22.8,21.55,22.25,22.1,22.39,3284,7351839999.999999,28.0,2760,0.8404
2018-11-27,AMJLAND,EQ,22.1,22.1,23.0,22.0,23.0,22.75,22.67,1465,3321450000.0,22.0,1308,0.8928
2018-11-28,AMJLAND,EQ,22.75,23.0,23.1,22.7,22.75,22.7,22.85,1289,2944930000.0,18.0,1039,0.8061
2018-11-29,AMJLAND,EQ,22.7,22.7,22.75,21.5,22.3,22.25,22.35,4530,10123590000.0,60.0,3627,0.8007
2018-11-30,AMJLAND,EQ,22.25,21.55,22.5,21.55,22.0,22.0,22.07,5235,11554385000.0,48.0,3121,0.5962
2018-12-03,AMJLAND,EQ,22.0,21.6,22.5,21.55,21.6,21.75,21.87,3810,8330775000.0,35.0,2670,0.7008
2018-12-04,AMJLAND,EQ,21.75,22.0,22.1,21.5,22.0,21.8,21.79,5061,11028510000.0,70.0,3730,0.737
2018-12-05,AMJLAND,EQ,21.8,21.65,21.7,20.3,21.45,21.3,21.11,9754,20589395000.0,143.0,5479,0.5617
2018-12-06,AMJLAND,EQ,21.3,21.35,21.35,20.6,21.3,21.3,21.13,1423,3006675000.0,41.0,1089,0.7653
2018-12-07,AMJLAND,EQ,21.3,21.0,21.15,20.55,20.8,20.75,20.81,2133,4439060000.0,40.0,1492,0.6995
2018-12-10,AMJLAND,EQ,20.75,20.55,20.65,20.1,20.15,20.3,20.4,4844,9883475000.0,44.0,3441,0.7104
2018-12-11,AMJLAND,EQ,20.3,20.2,20.65,19.55,20.25,20.25,20.14,2931,5902965000.0,46.0,2205,0.7523000000000001
2018-12-12,AMJLAND,EQ,20.25,20.8,21.5,20.8,21.1,21.1,21.12,3331,7034155000.0,30.0,2704,0.8118000000000001
2018-12-13,AMJLAND,EQ,21.1,21.05,21.45,20.8,21.0,21.0,20.96,1855,3888140000.0,27.0,1776,0.9573999999999999
2018-12-14,AMJLAND,EQ,21.0,20.7,21.0,20.1,20.4,20.5,20.69,9916,20516425000.0,93.0,8133,0.8201999999999999
2018-12-17,AMJLAND,EQ,20.5,20.95,21.25,20.5,21.25,21.05,20.89,7007,14636335000.0,36.0,5545,0.7914
2018-12-18,AMJLAND,EQ,21.05,20.85,20.9,20.35,20.35,20.75,20.78,5016,10421330000.0,50.0,4213,0.8399
2018-12-19,AMJLAND,EQ,20.75,20.85,21.1,20.5,20.5,20.6,20.78,5522,11473885000.0,46.0,5300,0.9598000000000001
2018-12-20,AMJLAND,EQ,20.6,21.4,21.5,20.1,20.6,20.7,20.66,5807,11998690000.0,74.0,4501,0.7751000000000001
2018-12-21,AMJLAND,EQ,20.7,20.5,20.95,20.5,20.5,20.55,20.59,3433,7067395000.0,24.0,3136,0.9135
2018-12-24,AMJLAND,EQ,20.55,20.8,21.1,20.3,21.1,20.9,20.86,4263,8891680000.0,68.0,3675,0.8621
2018-12-26,AMJLAND,EQ,20.9,20.6,20.6,20.1,20.45,20.45,20.55,1799,3696835000.0,19.0,1493,0.8299
2018-12-27,AMJLAND,EQ,20.45,20.5,20.7,20.25,20.25,20.4,20.41,3836,7829720000.0,32.0,3835,0.9997
2018-12-28,AMJLAND,EQ,20.4,20.55,20.75,20.4,20.7,20.7,20.58,1168,2403215000.0,22.0,743,0.6361
2018-12-31,AMJLAND,EQ,20.7,20.7,20.7,19.5,20.0,20.2,20.22,10019,20256295000.0,173.0,8342,0.8326000000000001
2019-01-01,AMJLAND,EQ,20.2,20.45,20.6,20.0,20.6,20.4,20.28,6388,12955540000.0,63.0,1118,0.17500000000000002
2019-01-02,AMJLAND,EQ,20.4,20.45,24.45,20.45,24.45,24.35,24.12,229079,552543825000.0,1161.0,93646,0.40880000000000005
2019-01-03,AMJLAND,EQ,24.35,24.9,24.9,22.55,23.0,22.65,23.98,122444,293649275000.0,737.0,56594,0.4622
2019-01-04,AMJLAND,EQ,22.65,22.8,23.4,22.15,22.55,22.65,22.84,20315,46392480000.0,181.0,9659,0.4755
2019-01-07,AMJLAND,EQ,22.65,22.6,23.0,22.5,22.6,22.65,22.71,6249,14194150000.0,80.0,4753,0.7606
2019-01-08,AMJLAND,EQ,22.65,22.55,22.55,21.25,22.4,22.1,22.12,10101,22341530000.0,134.0,6185,0.6123
2019-01-09,AMJLAND,EQ,22.1,22.5,23.45,22.0,23.1,22.8,22.73,17825,40523760000.0,121.0,10458,0.5867
2019-01-10,AMJLAND,EQ,22.8,22.5,23.0,21.85,22.2,22.25,22.33,4386,9791940000.0,64.0,2878,0.6562
2019-01-11,AMJLAND,EQ,22.25,22.0,22.3,21.7,22.0,22.0,22.06,4017,8863365000.0,68.0,3608,0.8982
2019-01-14,AMJLAND,EQ,22.0,22.05,22.1,21.75,22.1,21.85,21.88,1458,3190540000.0,25.0,1121,0.7689
2019-01-15,AMJLAND,EQ,21.85,21.9,22.0,21.65,22.0,21.95,21.91,1890,4140630000.0000005,23.0,1457,0.7709
2019-01-16,AMJLAND,EQ,21.95,22.3,22.3,21.6,22.0,22.0,21.95,2472,5425395000.0,33.0,1205,0.4875
2019-01-17,AMJLAND,EQ,22.0,22.35,22.4,21.7,22.0,22.0,21.99,3550,7805520000.0,29.0,2951,0.8312999999999999
2019-01-18,AMJLAND,EQ,22.0,22.0,25.5,22.0,22.6,22.45,23.94,93274,223294535000.0,766.0,26095,0.2798
2019-01-21,AMJLAND,EQ,22.45,22.85,22.85,22.0,22.1,22.1,22.3,2472,5513355000.0,48.0,1781,0.7205
2019-01-22,AMJLAND,EQ,22.1,22.1,22.4,21.15,22.15,21.75,21.86,13743,30047034999.999996,77.0,10343,0.7526
2019-01-23,AMJLAND,EQ,21.75,22.45,22.45,21.65,21.8,21.8,21.81,2350,5124590000.0,38.0,2052,0.8732
2019-01-24,AMJLAND,EQ,21.8,21.95,22.55,21.8,22.1,22.15,22.17,6329,14028600000.0,45.0,3672,0.5802
2019-01-25,AMJLAND,EQ,22.15,21.5,21.5,20.55,21.0,20.95,21.24,23646,50219725000.0,181.0,19211,0.8124
2019-01-28,AMJLAND,EQ,20.95,20.75,20.9,19.65,20.0,19.9,20.13,17249,34730650000.0,110.0,14461,0.8384
2019-01-29,AMJLAND,EQ,19.9,20.0,20.0,18.5,19.5,19.3,19.34,6610,12783860000.0,132.0,5592,0.846
2019-01-30,AMJLAND,EQ,19.3,19.55,19.75,19.4,19.55,19.55,19.52,4401,8588735000.000001,37.0,3472,0.7889
2019-01-31,AMJLAND,EQ,19.55,19.5,20.3,19.5,20.1,20.05,19.95,2245,4478120000.0,43.0,1533,0.6829000000000001
2019-02-01,AMJLAND,EQ,20.05,19.55,20.2,19.2,19.3,19.35,19.52,13817,26976830000.0,139.0,8586,0.6214000000000001
2019-02-04,AMJLAND,EQ,19.35,19.1,20.9,18.05,19.05,19.1,19.39,26317,51038095000.0,142.0,15040,0.5715
2019-02-05,AMJLAND,EQ,19.1,19.2,20.0,18.95,18.95,19.05,19.06,5188,9888355000.0,50.0,5074,0.978
2019-02-06,AMJLAND,EQ,19.05,19.0,19.95,17.65,19.0,18.7,18.43,16800,30966175000.0,137.0,9438,0.5618
2019-02-07,AMJLAND,EQ,18.7,18.7,19.45,18.25,19.25,19.25,18.67,9183,17148985000.0,68.0,7073,0.7702
2019-02-08,AMJLAND,EQ,19.25,19.05,19.7,18.55,19.05,19.1,19.23,5807,11166650000.0,41.0,5334,0.9185
2019-02-11,AMJLAND,EQ,19.1,19.0,19.05,18.6,19.05,18.95,18.88,2255,4257530000.0000005,26.0,1576,0.6989
2019-02-12,AMJLAND,EQ,18.95,18.95,19.0,18.4,18.6,18.5,18.59,4847,9009660000.0,58.0,2799,0.5775
2019-02-13,AMJLAND,EQ,18.5,18.5,18.8,18.4,18.65,18.65,18.56,3421,6347770000.0,29.0,2220,0.6489
2019-02-14,AMJLAND,EQ,18.65,18.9,18.9,18.3,18.35,18.35,18.36,3623,6651335000.000001,57.0,3287,0.9073000000000001
2019-02-15,AMJLAND,EQ,18.35,18.3,18.8,18.2,18.8,18.3,18.3,5226,9562560000.0,42.0,4793,0.9170999999999999
2019-02-18,AMJLAND,EQ,18.3,18.35,18.9,17.55,18.1,18.2,18.09,11206,20267480000.0,69.0,8649,0.7718
2019-02-19,AMJLAND,EQ,18.2,18.05,18.5,17.75,17.75,17.9,17.91,2294,4109405000.0000005,34.0,1931,0.8418000000000001
2019-02-20,AMJLAND,EQ,17.9,17.75,18.35,17.7,18.05,18.05,18.24,1932,3523160000.0,19.0,1701,0.8804000000000001
2019-02-21,AMJLAND,EQ,18.05,18.25,18.6,18.2,18.2,18.25,18.29,3403,6223330000.0,26.0,2995,0.8801000000000001
2019-02-22,AMJLAND,EQ,18.25,18.95,19.9,18.8,19.75,19.45,19.27,11808,22757515000.0,61.0,8277,0.701
2019-02-25,AMJLAND,EQ,19.45,19.25,20.9,19.2,20.65,20.35,20.11,6675,13420795000.000002,58.0,5708,0.8551000000000001
2019-02-26,AMJLAND,EQ,20.35,20.35,20.55,19.5,19.5,20.0,20.2,1966,3972285000.0,23.0,1101,0.56
2019-02-27,AMJLAND,EQ,20.0,20.3,20.3,18.55,18.9,19.0,19.21,9123,17525205000.0,96.0,6189,0.6784
2019-02-28,AMJLAND,EQ,19.0,19.45,20.0,18.9,20.0,19.7,19.59,2857,5597165000.0,24.0,2656,0.9296
2019-03-01,AMJLAND,EQ,19.7,20.0,20.3,19.05,20.3,20.1,19.72,9360,18453550000.0,63.0,7553,0.8069
2019-03-05,AMJLAND,EQ,20.1,20.45,21.4,19.85,21.0,20.9,20.81,25488,53043965000.0,134.0,17976,0.7053
2019-03-06,AMJLAND,EQ,20.9,20.65,21.0,20.2,20.7,20.6,20.85,5527,11522265000.0,44.0,4960,0.8974
2019-03-07,AMJLAND,EQ,20.6,21.25,21.25,20.6,20.6,20.65,20.83,3299,6870505000.0,33.0,2582,0.7827
2019-03-08,AMJLAND,EQ,20.65,20.8,20.85,20.05,20.05,20.35,20.5,5592,11464125000.0,58.0,4300,0.7690000000000001
2019-03-11,AMJLAND,EQ,20.35,20.95,21.0,19.55,20.1,20.25,20.41,5242,10701150000.0,93.0,2694,0.5139
2019-03-12,AMJLAND,EQ,20.25,20.95,21.25,20.5,21.2,20.9,21.0,16019,33639605000.0,76.0,14363,0.8966
2019-03-13,AMJLAND,EQ,20.9,21.15,21.15,20.55,20.55,20.55,20.89,4695,9806345000.0,35.0,3825,0.8147
2019-03-14,AMJLAND,EQ,20.55,21.4,21.4,20.35,20.6,20.8,20.67,6762,13974579999.999998,48.0,4113,0.6083
2019-03-15,AMJLAND,EQ,20.8,21.4,21.4,20.1,20.2,20.3,20.56,6719,13810985000.0,56.0,5625,0.8372
2019-03-18,AMJLAND,EQ,20.3,20.2,20.85,20.0,20.15,20.4,20.47,6395,13090415000.0,44.0,6109,0.9553
2019-03-19,AMJLAND,EQ,20.4,20.95,20.95,20.05,20.15,20.3,20.26,3256,6596085000.000001,51.0,2813,0.8639
2019-03-20,AMJLAND,EQ,20.3,20.2,20.5,20.0,20.25,20.0,20.06,3196,6412330000.0,53.0,2034,0.6364
2019-03-22,AMJLAND,EQ,20.0,20.45,20.45,18.7,19.2,19.1,19.36,18819,36426765000.0,145.0,14400,0.7652
2019-03-25,AMJLAND,EQ,19.1,19.1,19.5,18.7,19.5,19.4,19.02,4212,8011630000.0,50.0,3092,0.7341
2019-03-26,AMJLAND,EQ,19.4,19.5,19.65,18.9,19.05,19.05,19.32,10503,20294000000.0,54.0,9942,0.9466
2019-03-27,AMJLAND,EQ,19.05,19.45,20.4,19.4,20.2,19.9,19.77,8464,16736600000.0,75.0,6028,0.7122
2019-03-28,AMJLAND,EQ,19.9,19.95,20.0,19.4,19.4,19.7,19.74,2468,4871990000.0,49.0,1903,0.7711
2019-03-29,AMJLAND,EQ,19.7,19.5,19.95,19.15,19.65,19.7,19.57,4211,8241645000.0,55.0,3644,0.8654000000000001
2019-04-01,AMJLAND,EQ,19.7,19.5,21.0,19.0,19.55,19.6,20.31,3786,7691189999.999999,56.0,2770,0.7316
2019-04-02,AMJLAND,EQ,19.6,19.8,19.9,19.5,19.9,19.8,19.82,2006,3975965000.0,39.0,1345,0.6705
2019-04-03,AMJLAND,EQ,19.8,19.85,19.95,19.5,19.5,19.6,19.69,884,1740650000.0,17.0,678,0.767
2019-04-04,AMJLAND,EQ,19.6,19.5,19.8,19.0,19.3,19.25,19.33,4821,9319260000.0,64.0,3956,0.8206
2019-04-05,AMJLAND,EQ,19.25,19.05,19.9,18.6,19.9,19.75,19.56,3803,7437510000.000001,46.0,2915,0.7665000000000001
2019-04-08,AMJLAND,EQ,19.75,19.5,20.0,19.2,20.0,19.45,19.47,1764,3435119999.9999995,24.0,304,0.1723
2019-04-09,AMJLAND,EQ,19.45,19.4,19.65,19.0,19.65,19.65,19.2,3425,6576514999.999999,42.0,2300,0.6715000000000001
2019-04-10,AMJLAND,EQ,19.65,19.4,19.45,19.0,19.15,19.25,19.2,3206,6155650000.0,46.0,1864,0.5814
2019-04-11,AMJLAND,EQ,19.25,19.05,19.95,19.05,19.5,19.5,19.68,4393,8644290000.0,25.0,2875,0.6545000000000001
2019-04-12,AMJLAND,EQ,19.5,19.5,19.95,19.5,19.9,19.85,19.76,1644,3248180000.0,25.0,1093,0.6648000000000001
2019-04-15,AMJLAND,EQ,19.85,19.95,20.4,19.5,20.0,20.0,19.94,7686,15322500000.0,87.0,5017,0.6527
2019-04-16,AMJLAND,EQ,20.0,20.25,20.25,19.75,20.15,20.15,19.94,1287,2566395000.0,27.0,860,0.6681999999999999
2019-04-18,AMJLAND,EQ,20.15,20.0,20.45,19.3,20.4,20.4,19.91,4765,9485570000.0,54.0,3348,0.7026000000000001
2019-04-22,AMJLAND,EQ,20.4,20.35,20.35,19.55,19.8,19.8,19.78,408,806930000.0,24.0,269,0.6593000000000001
2019-04-23,AMJLAND,EQ,19.8,19.7,20.0,19.5,19.75,19.85,19.75,2660,5253300000.0,26.0,2000,0.7519
2019-04-24,AMJLAND,EQ,19.85,19.55,19.85,19.0,19.2,19.25,19.35,3213,6218465000.0,53.0,2125,0.6614
2019-04-25,AMJLAND,EQ,19.25,19.45,20.25,19.25,19.65,19.7,19.74,4426,8738480000.0,38.0,4017,0.9076000000000001
2019-04-26,AMJLAND,EQ,19.7,20.0,20.7,19.7,20.5,20.4,19.99,5864,11721715000.0,40.0,4807,0.8197
2019-04-30,AMJLAND,EQ,20.4,20.0,20.1,19.7,19.8,19.75,19.8,4311,8536950000.0,20.0,3860,0.8954000000000001
2019-05-02,AMJLAND,EQ,19.75,20.45,20.45,19.6,19.6,19.6,19.67,4018,7904445000.0,48.0,3965,0.9868000000000001
2019-05-03,AMJLAND,EQ,19.6,19.65,20.3,19.6,20.3,20.15,19.92,3049,6074745000.0,27.0,2153,0.7061000000000001
2019-05-06,AMJLAND,EQ,20.15,19.75,20.15,19.75,19.75,19.9,19.88,1959,3894565000.0,12.0,1401,0.7152
2019-05-07,AMJLAND,EQ,19.9,19.6,20.0,19.55,20.0,20.0,19.84,7450,14782575000.0,21.0,7275,0.9765
2019-05-08,AMJLAND,EQ,20.0,19.6,19.85,19.25,19.5,19.5,19.42,7219,14020990000.0,42.0,6908,0.9569
2019-05-09,AMJLAND,EQ,19.5,19.65,19.65,19.4,19.6,19.6,19.63,123,241419999.99999997,5.0,114,0.9268000000000001
2019-05-10,AMJLAND,EQ,19.6,19.5,19.75,19.3,19.75,19.65,19.47,787,1532130000.0,18.0,644,0.8183
2019-05-13,AMJLAND,EQ,19.65,19.1,19.55,19.1,19.15,19.15,19.16,1449,2776750000.0,13.0,1347,0.9296
2019-05-14,AMJLAND,EQ,19.15,19.1,19.3,18.7,19.2,19.1,19.1,4330,8269735000.000001,38.0,3914,0.9039
2019-05-15,AMJLAND,EQ,19.1,19.2,19.8,19.1,19.1,19.25,19.41,7952,15431050000.0,45.0,5244,0.6595000000000001
2019-05-16,AMJLAND,EQ,19.25,19.45,19.55,19.1,19.5,19.45,19.33,9115,17616890000.0,56.0,8252,0.9053
2019-05-17,AMJLAND,EQ,19.45,19.65,19.7,19.05,19.25,19.2,19.26,9175,17675070000.0,52.0,7655,0.8343
2019-05-20,AMJLAND,EQ,19.2,19.25,19.85,19.25,19.8,19.7,19.59,2246,4398925000.0,35.0,1839,0.8188
2019-05-21,AMJLAND,EQ,19.7,19.5,19.85,19.4,19.85,19.75,19.6,923,1809445000.0,13.0,838,0.9079
2019-05-22,AMJLAND,EQ,19.75,19.45,19.7,18.6,19.25,19.25,19.2,7789,14957815000.0,53.0,5685,0.7299
2019-05-23,AMJLAND,EQ,19.25,19.4,19.7,19.05,19.05,19.2,19.36,11771,22783585000.0,54.0,10089,0.8571
2019-05-24,AMJLAND,EQ,19.2,19.35,19.8,19.2,19.7,19.35,19.36,9985,19327150000.0,41.0,8917,0.893
2019-05-27,AMJLAND,EQ,19.35,19.7,19.95,19.35,19.6,19.4,19.45,12657,24615625000.0,33.0,11366,0.898
2019-05-28,AMJLAND,EQ,19.4,19.7,19.75,19.15,19.2,19.25,19.28,22337,43060155000.0,70.0,20987,0.9396
2019-05-29,AMJLAND,EQ,19.25,19.2,20.0,19.2,19.35,19.55,19.55,4801,9383850000.0,47.0,4076,0.8490000000000001
2019-05-30,AMJLAND,EQ,19.55,19.5,20.0,19.35,19.8,19.65,19.68,8878,17473835000.0,48.0,7173,0.8079999999999999
2019-05-31,AMJLAND,EQ,19.65,19.85,19.9,19.15,19.15,19.25,19.49,14712,28671650000.0,42.0,12751,0.8667
2019-06-03,AMJLAND,EQ,19.25,19.35,19.85,19.2,19.25,19.25,19.29,7871,15186479999.999998,33.0,7371,0.9365000000000001
2019-06-04,AMJLAND,EQ,19.25,19.45,19.75,19.2,19.4,19.3,19.48,2410,4695190000.0,32.0,2020,0.8382
2019-06-06,AMJLAND,EQ,19.3,19.05,19.4,19.05,19.25,19.25,19.15,2698,5166215000.0,23.0,2398,0.8887999999999999
2019-06-07,AMJLAND,EQ,19.25,19.25,19.25,18.75,18.8,18.8,18.97,9588,18192340000.0,39.0,9387,0.9790000000000001
2019-06-10,AMJLAND,EQ,18.8,18.85,19.05,18.7,18.7,18.8,18.88,2009,3792680000.0000005,19.0,1869,0.9303
2019-06-11,AMJLAND,EQ,18.8,18.85,18.9,18.55,18.65,18.65,18.74,11332,21237050000.0,27.0,11277,0.9951000000000001
2019-06-12,AMJLAND,EQ,18.65,18.55,19.0,18.25,18.8,18.35,18.37,8659,15907115000.0,60.0,8373,0.9670000000000001
2019-06-13,AMJLAND,EQ,18.35,18.7,18.7,17.7,17.9,17.85,17.99,17160,30875555000.0,125.0,15966,0.9304000000000001
2019-06-14,AMJLAND,EQ,17.85,17.8,17.9,17.3,17.6,17.5,17.64,12492,22032055000.0,42.0,11971,0.9583
2019-06-17,AMJLAND,EQ,17.5,17.25,17.45,17.2,17.45,17.2,17.44,10400,18138815000.0,16.0,10347,0.9949
2019-06-18,AMJLAND,EQ,17.2,17.05,17.75,16.7,17.4,17.15,16.82,4271,7181770000.0,46.0,3647,0.8499
2019-06-19,AMJLAND,EQ,17.15,17.0,17.05,15.5,15.7,16.15,16.43,19370,31823470000.0,77.0,16230,0.8379000000000001
2019-06-20,AMJLAND,EQ,16.15,15.35,16.5,15.2,16.5,16.45,15.81,2867,4533170000.0,42.0,2303,0.8033
2019-06-21,AMJLAND,EQ,16.45,15.6,17.4,15.6,16.5,16.55,16.53,7017,11597695000.0,56.0,5402,0.7698
2019-06-24,AMJLAND,EQ,16.55,16.0,16.9,16.0,16.8,16.4,16.31,4030,6571605000.0,47.0,3591,0.8911
2019-06-25,AMJLAND,EQ,16.4,16.05,16.75,16.05,16.5,16.4,16.32,6816,11121350000.0,66.0,4788,0.7025
2019-06-26,AMJLAND,EQ,16.4,16.05,16.85,16.05,16.35,16.35,16.3,5322,8674645000.0,25.0,5212,0.9793000000000001
2019-06-27,AMJLAND,EQ,16.35,16.15,16.75,16.15,16.3,16.35,16.42,16080,26402009999.999996,88.0,15778,0.9812000000000001
2019-06-28,AMJLAND,EQ,16.35,15.9,16.9,15.9,16.65,16.65,16.46,9397,15465579999.999998,46.0,8455,0.8998
2019-07-01,AMJLAND,EQ,16.65,16.05,17.5,16.05,16.85,16.8,16.7,7234,12077605000.0,33.0,5974,0.8258
2019-07-02,AMJLAND,EQ,16.8,16.2,16.8,16.2,16.7,16.45,16.48,17616,29034090000.000004,77.0,14799,0.8401000000000001
2019-07-03,AMJLAND,EQ,16.45,16.15,16.85,16.15,16.8,16.8,16.49,14545,23985075000.0,45.0,12032,0.8272
2019-07-04,AMJLAND,EQ,16.8,16.45,19.35,16.45,18.25,18.1,18.26,27598,50391770000.0,286.0,14638,0.5304
2019-07-05,AMJLAND,EQ,18.1,17.55,19.0,17.55,17.95,17.7,18.27,27923,51025565000.0,218.0,21306,0.763
2019-07-08,AMJLAND,EQ,17.7,18.5,18.5,17.25,17.65,17.5,17.4,8220,14299650000.0,41.0,7513,0.914
2019-07-09,AMJLAND,EQ,17.5,17.05,17.8,17.0,17.5,17.2,17.23,12172,20966825000.0,68.0,11474,0.9427
2019-07-10,AMJLAND,EQ,17.2,17.15,17.5,17.0,17.2,17.15,17.26,1182,2039650000.0,49.0,645,0.5457
2019-07-11,AMJLAND,EQ,17.15,17.05,18.05,17.05,17.5,17.4,17.44,32438,56582955000.00001,119.0,25906,0.7986
2019-07-12,AMJLAND,EQ,17.4,17.1,17.45,16.6,17.3,17.15,17.25,11731,20235505000.0,62.0,11178,0.9529000000000001
2019-07-15,AMJLAND,EQ,17.15,17.15,17.85,17.15,17.2,17.2,17.29,2212,3824080000.0000005,39.0,1809,0.8178000000000001
2019-07-16,AMJLAND,EQ,17.2,17.0,17.6,17.0,17.6,17.3,17.41,4771,8304580000.0,52.0,4526,0.9486
2019-07-17,AMJLAND,EQ,17.3,17.0,17.55,17.0,17.45,17.25,17.25,3398,5859985000.0,34.0,3384,0.9959
2019-07-18,AMJLAND,EQ,17.25,17.05,17.7,17.05,17.3,17.3,17.25,6371,10992315000.0,59.0,4361,0.6845
2019-07-19,AMJLAND,EQ,17.3,17.05,17.4,17.05,17.25,17.2,17.15,3068,5262070000.0,40.0,2757,0.8986000000000001
2019-07-22,AMJLAND,EQ,17.2,16.55,16.85,15.75,16.7,16.25,16.31,14875,24262225000.0,96.0,11243,0.7558
2019-07-23,AMJLAND,EQ,16.25,16.05,16.85,16.05,16.5,16.4,16.36,3100,5072670000.0,40.0,2652,0.8555
2019-07-24,AMJLAND,EQ,16.4,16.05,17.25,16.05,17.25,17.0,16.75,15415,25823835000.0,100.0,10852,0.7040000000000001
2019-07-25,AMJLAND,EQ,17.0,16.65,17.45,16.65,17.0,17.0,16.99,2629,4465795000.0,34.0,2267,0.8623000000000001
2019-07-26,AMJLAND,EQ,17.0,16.7,17.3,16.55,17.0,16.8,16.73,2906,4862715000.0,35.0,2713,0.9336
2019-07-29,AMJLAND,EQ,16.8,16.25,18.85,16.25,18.55,18.15,17.35,15524,26928715000.000004,123.0,14312,0.9218999999999999
2019-07-30,AMJLAND,EQ,18.15,17.55,18.0,17.0,17.05,17.2,17.32,5515,9551900000.0,82.0,4350,0.7888
2019-07-31,AMJLAND,EQ,17.2,16.5,17.9,16.25,17.1,16.8,16.61,7218,11992025000.0,60.0,6314,0.8748
2019-08-01,AMJLAND,EQ,16.8,16.4,17.8,16.1,16.85,16.3,16.57,5239,8680375000.0,76.0,3069,0.5858
2019-08-02,AMJLAND,EQ,16.3,16.1,16.65,15.15,16.6,16.3,15.99,11212,17927025000.0,91.0,9467,0.8444
2019-08-05,AMJLAND,EQ,16.3,16.2,17.35,15.0,15.85,15.85,15.97,19437,31041475000.0,223.0,18649,0.9595
2019-08-06,AMJLAND,EQ,15.85,16.1,18.0,14.3,16.7,16.7,16.0,2354,3766415000.0,58.0,997,0.42350000000000004
2019-08-07,AMJLAND,EQ,16.7,17.0,17.0,16.15,16.8,16.8,16.56,1525,2525205000.0,50.0,845,0.5540999999999999
2019-08-08,AMJLAND,EQ,16.8,16.6,17.0,16.05,16.85,16.85,16.54,1200,1985305000.0,36.0,694,0.5783
2019-08-09,AMJLAND,EQ,16.85,17.0,17.85,16.5,17.7,17.7,17.3,680,1176450000.0,22.0,506,0.7441
2019-08-13,AMJLAND,EQ,17.7,17.5,17.5,16.0,17.0,17.0,16.85,1426,2402650000.0,50.0,1045,0.7328
2019-08-14,AMJLAND,EQ,17.0,16.8,20.4,16.05,19.5,19.7,19.55,73807,144291035000.0,735.0,54841,0.743
2019-08-16,AMJLAND,EQ,19.7,20.0,20.0,17.35,18.15,18.0,18.43,15804,29124170000.0,142.0,8386,0.5306000000000001
2019-08-19,AMJLAND,EQ,18.0,17.75,18.4,17.35,18.4,18.2,18.01,3327,5991535000.0,39.0,2279,0.685
2019-08-20,AMJLAND,EQ,18.2,17.7,19.0,17.45,18.7,18.6,18.5,2883,5334650000.0,38.0,2152,0.7464000000000001
2019-08-21,AMJLAND,EQ,18.6,18.0,18.0,16.6,17.0,17.0,17.37,12629,21931325000.0,101.0,8104,0.6417
2019-08-22,AMJLAND,EQ,17.0,16.7,17.35,16.4,17.0,16.75,16.96,3944,6688139999.999999,42.0,3290,0.8342
2019-08-23,AMJLAND,EQ,16.75,16.4,17.1,15.45,16.85,16.85,15.86,1587,2516615000.0,61.0,802,0.5054
2019-08-26,AMJLAND,EQ,16.85,16.85,17.05,16.05,16.85,16.5,16.3,1920,3128785000.0,51.0,1627,0.8473999999999999
2019-08-27,AMJLAND,EQ,16.5,17.0,18.1,17.0,17.7,17.7,17.74,1082,1919725000.0,32.0,1016,0.9390000000000001
2019-08-28,AMJLAND,EQ,17.7,17.5,17.55,17.05,17.5,17.5,17.47,2003,3499410000.0,30.0,1961,0.9790000000000001
2019-08-29,AMJLAND,EQ,17.5,17.0,18.0,16.4,17.4,17.15,17.11,2206,3774219999.9999995,24.0,1799,0.8155
2019-08-30,AMJLAND,EQ,17.15,17.45,18.45,16.55,17.2,16.7,16.75,12118,20298910000.0,67.0,11391,0.9400000000000001
2019-09-03,AMJLAND,EQ,16.7,16.2,16.75,16.1,16.55,16.55,16.55,5214,8630855000.0,29.0,5208,0.9988
2019-09-04,AMJLAND,EQ,16.55,16.5,16.65,16.2,16.65,16.45,16.34,1740,2843545000.0,90.0,1676,0.9632
2019-09-05,AMJLAND,EQ,16.45,18.1,18.1,16.4,16.4,16.95,17.01,403,685495000.0,132.0,377,0.9355
2019-09-06,AMJLAND,EQ,16.95,16.6,17.35,16.25,17.0,17.0,16.87,1304,2200355000.0,36.0,1142,0.8758
2019-09-09,AMJLAND,EQ,17.0,17.75,17.75,16.5,17.45,17.45,17.45,910,1587865000.0,17.0,858,0.9429000000000001
2019-09-11,AMJLAND,EQ,17.45,17.95,19.0,17.5,18.8,18.8,18.6,10362,19272715000.0,72.0,7587,0.7322
2019-09-12,AMJLAND,EQ,18.8,18.65,19.7,18.1,19.25,18.95,18.66,3403,6348700000.0,66.0,2501,0.7349
2019-09-13,AMJLAND,EQ,18.95,19.6,19.6,18.05,18.8,18.75,18.69,4430,8277520000.0,268.0,3671,0.8287000000000001
2019-09-16,AMJLAND,EQ,18.75,18.75,18.8,17.85,18.75,18.65,18.64,2326,4335115000.0,54.0,1813,0.7794
2019-09-17,AMJLAND,EQ,18.65,19.3,19.3,17.4,18.5,18.5,18.66,1969,3674005000.0000005,40.0,1901,0.9655
2019-09-18,AMJLAND,EQ,18.5,18.4,19.15,17.65,18.1,18.0,18.19,4630,8420305000.0,80.0,3545,0.7656999999999999
2019-09-19,AMJLAND,EQ,18.0,17.75,18.3,17.55,18.0,17.85,17.92,2256,4041660000.0,26.0,1654,0.7332
2019-09-20,AMJLAND,EQ,17.85,17.95,18.0,17.3,18.0,17.85,17.77,4702,8355389999.999999,56.0,4251,0.9041
2019-09-23,AMJLAND,EQ,17.85,18.25,19.85,17.5,17.95,17.95,17.62,5871,10345430000.0,60.0,5367,0.9142
2019-09-24,AMJLAND,EQ,17.95,17.95,18.9,17.45,17.55,17.55,17.73,4333,7680285000.000001,52.0,3896,0.8991
2019-09-25,AMJLAND,EQ,17.55,17.1,19.95,16.65,17.75,17.55,17.27,13376,23102910000.0,44.0,13069,0.9770000000000001
2019-09-26,AMJLAND,EQ,17.55,16.85,18.65,16.85,17.4,17.45,17.46,4373,7633414999.999999,57.0,2747,0.6282
2019-09-27,AMJLAND,EQ,17.45,17.4,18.45,16.75,17.7,17.55,17.5,892,1561230000.0,32.0,504,0.5650000000000001
2019-09-30,AMJLAND,EQ,17.55,17.4,18.25,17.1,17.8,17.75,17.53,1491,2613265000.0,29.0,896,0.6009000000000001
2019-10-01,AMJLAND,EQ,17.75,17.5,18.0,17.25,17.3,17.45,17.66,2403,4242505000.0000005,21.0,996,0.41450000000000004
2019-10-03,AMJLAND,EQ,17.45,17.75,17.75,16.6,17.0,17.05,16.95,17216,29185484999.999996,250.0,11529,0.6697
2019-10-04,AMJLAND,EQ,17.05,16.6,17.0,16.1,16.75,16.75,16.58,6443,10681445000.0,85.0,4121,0.6396000000000001
2019-10-07,AMJLAND,EQ,16.75,16.75,16.75,16.0,16.35,16.25,16.25,3671,5963905000.0,115.0,3348,0.912
2019-10-09,AMJLAND,EQ,16.25,16.1,16.1,14.75,15.85,15.85,15.61,10747,16772285000.0,103.0,6515,0.6062
2019-10-10,AMJLAND,EQ,15.85,15.25,16.4,15.25,15.75,15.45,15.62,4657,7275305000.0,49.0,2818,0.6051
2019-10-11,AMJLAND,EQ,15.45,15.5,15.95,15.0,15.7,15.7,15.17,6930,10509455000.0,48.0,6024,0.8693000000000001
2019-10-14,AMJLAND,EQ,15.7,15.75,15.9,15.25,15.8,15.8,15.52,7309,11341660000.0,25.0,4388,0.6004
2019-10-15,AMJLAND,EQ,15.8,15.8,16.25,15.15,16.25,16.25,16.0,6439,10300225000.0,24.0,6254,0.9712999999999999
2019-10-16,AMJLAND,EQ,16.25,16.45,17.8,16.3,17.8,17.65,17.31,4742,8208305000.0,63.0,4561,0.9618000000000001
2019-10-17,AMJLAND,EQ,17.65,17.8,18.0,16.55,18.0,17.9,17.61,4419,7783335000.000001,78.0,4044,0.9151
2019-10-18,AMJLAND,EQ,17.9,18.0,18.8,17.75,18.5,18.55,18.46,20855,38500680000.0,46.0,20628,0.9891
2019-10-22,AMJLAND,EQ,18.55,18.5,18.8,17.15,18.5,18.2,17.97,19852,35683790000.0,121.0,18283,0.9209999999999999
2019-10-23,AMJLAND,EQ,18.2,18.5,18.8,17.55,18.5,18.45,18.27,1742,3182835000.0,33.0,1355,0.7778
2019-10-24,AMJLAND,EQ,18.45,18.5,18.9,17.5,18.5,18.45,17.8,3606,6420150000.0,31.0,3473,0.9631000000000001
2019-10-25,AMJLAND,EQ,18.45,18.0,19.0,17.5,18.6,18.75,18.43,3102,5717925000.0,48.0,2731,0.8804000000000001
2019-10-27,AMJLAND,EQ,18.75,18.9,18.9,17.7,18.5,18.4,18.39,4185,7694414999.999999,24.0,4096,0.9787
2019-10-29,AMJLAND,EQ,18.4,17.8,19.0,17.05,18.5,18.25,17.99,11245,20233305000.0,140.0,8062,0.7169
2019-10-30,AMJLAND,EQ,18.25,18.85,18.85,17.7,18.5,18.4,18.45,4188,7726400000.0,69.0,3617,0.8637
2019-10-31,AMJLAND,EQ,18.4,18.2,18.95,17.75,18.6,18.6,18.28,8235,15051945000.000002,71.0,5667,0.6881999999999999
2019-11-01,AMJLAND,EQ,18.6,18.0,19.15,17.95,18.0,18.15,18.28,15291,27953290000.000004,104.0,12567,0.8219
2019-11-04,AMJLAND,EQ,18.15,19.1,19.1,18.5,19.0,19.0,18.75,3074,5762995000.0,37.0,2784,0.9057
2019-11-05,AMJLAND,EQ,19.0,18.8,19.25,17.8,18.8,18.8,18.41,8392,15446315000.0,54.0,7190,0.8568000000000001
2019-11-06,AMJLAND,EQ,18.8,18.25,19.05,18.2,18.45,18.95,18.62,6228,11594570000.0,136.0,4241,0.6809999999999999
2019-11-07,AMJLAND,EQ,18.95,18.95,19.5,18.35,19.3,19.1,19.02,4162,7914150000.0,58.0,2317,0.5567000000000001
2019-11-08,AMJLAND,EQ,19.1,19.4,19.4,18.25,18.75,18.95,18.67,16469,30747880000.0,122.0,11392,0.6917
2019-11-11,AMJLAND,EQ,18.95,19.0,19.75,18.1,19.0,18.6,18.79,19012,35721925000.0,94.0,14273,0.7506999999999999
2019-11-13,AMJLAND,EQ,18.6,18.6,19.5,18.55,19.0,18.9,18.95,12974,24592040000.0,52.0,12415,0.9569
2019-11-14,AMJLAND,EQ,18.9,18.6,19.2,18.45,19.0,18.55,18.61,31372,58377925000.0,56.0,29831,0.9509000000000001
2019-11-15,AMJLAND,EQ,18.55,18.35,19.2,18.25,19.2,18.8,18.67,15893,29672730000.0,103.0,14581,0.9174
2019-11-18,AMJLAND,EQ,18.8,18.6,19.4,18.6,19.25,18.95,18.79,16832,31621380000.0,33.0,14122,0.8390000000000001
2019-11-19,AMJLAND,EQ,18.95,19.35,19.95,18.5,19.2,19.05,19.06,20223,38549985000.0,50.0,18862,0.9327
2019-11-20,AMJLAND,EQ,19.05,19.1,19.35,18.5,19.3,19.2,19.13,7697,14723445000.000002,58.0,5432,0.7057
2019-11-21,AMJLAND,EQ,19.2,19.3,19.7,18.7,18.9,18.9,19.03,5366,10209970000.0,21.0,4058,0.7562000000000001
2019-11-22,AMJLAND,EQ,18.9,18.7,19.3,18.65,19.1,18.95,19.02,8915,16957265000.0,33.0,6466,0.7253000000000001
2019-11-25,AMJLAND,EQ,18.95,18.85,19.5,18.85,19.2,19.1,19.21,2637,5066965000.0,44.0,2166,0.8214
2019-11-26,AMJLAND,EQ,19.1,19.0,19.45,18.9,19.4,19.1,19.1,16317,31164405000.0,49.0,13994,0.8576
2019-11-27,AMJLAND,EQ,19.1,18.75,19.5,18.75,19.4,19.4,19.17,6401,12269545000.0,39.0,4479,0.6997
2019-11-28,AMJLAND,EQ,19.4,18.6,19.55,18.6,19.35,19.35,19.04,1902,3621525000.0,26.0,1174,0.6172
2019-11-29,AMJLAND,EQ,19.35,18.5,19.5,18.25,19.5,19.3,18.99,11577,21982595000.0,38.0,9662,0.8346
2019-12-02,AMJLAND,EQ,19.3,19.9,20.5,18.85,19.2,19.2,19.47,3816,7428789999.999999,37.0,2281,0.5977
2019-12-03,AMJLAND,EQ,19.2,18.8,19.6,18.75,19.2,19.2,18.91,599,1132645000.0,7.0,584,0.975
2019-12-04,AMJLAND,EQ,19.2,18.7,19.75,18.7,19.75,18.75,18.97,9509,18037805000.0,38.0,7218,0.7591
2019-12-05,AMJLAND,EQ,18.75,18.65,19.5,18.65,18.9,18.95,19.09,6349,12121045000.0,36.0,5393,0.8494
2019-12-06,AMJLAND,EQ,18.95,17.75,19.3,17.75,19.0,19.0,18.92,7979,15094179999.999998,41.0,5372,0.6733
